Listing ID,Listing Date,District Name,Residential Complex Name,Full Address,Total Area (m2),Number of Rooms,Floor Number,Total Floors in Building,Apartment Price (million KZT),Year Built,Distance to City Center (km),Renovation Type,Property Type,Balcony Type,Seller Type
APT-0001,2025-08-27,Yesil,GreenLine,"Kabanbay Batyr Ave, 56",40.7 m2,1,6,7,32.33 mln KZT,2019,2.6 km,good,apartment,none,agency
APT-0002,2026-01-25,Baikonur,Keruen,"Kabanbay Batyr Ave, 24",50.3 m2,2,2,5,22.17 mln KZT,2012,7.1 km,cosmetic,apartment,,owner
APT-0003,2025-03-13,Almaty,Grand Alatau,"Syganak St, 50",105.2 m2,4,3,21,67.35 mln KZT,,3.1 km,euro renovation,apartment,,agency
APT-0004,2025-03-15,Yesil,Nova City,"Kerey-Zhanibek St, 175",119.8 m2,4,21,24,83.52 mln KZT,2008,3.1 km,good,apartment,,agency
APT-0005,2026-02-15,Saryarka,Arman,"Mangilik El Ave, 81",81.0 m2,2,11,12,37.74 mln KZT,2005,9.7 km,euro renovation,studio,,owner
APT-0006,2026-03-15,Baikonur,,"Kerey-Zhanibek St, 150",97.6 m2,4,21,21,52.88 mln KZT,2014,5.3 km,cosmetic,penthouse,,owner
APT-0007,2026-09-03,Nura,,"Bogenbay Batyr Ave, 98",64.7 m2,2,2,7,49.38 mln KZT,2025,5.3 km,euro renovation,penthouse,2 balconies,agency
APT-0008,2026-05-28,Yesil,GreenLine,"Kerey-Zhanibek St, 68",107.0 m2,3,11,16,75.6 mln KZT,1992,4.1 km,cosmetic,apartment,balcony,agency
APT-0009,2026-05-16,Almaty,Highvill,"Syganak St, 83",96.0 m2,4,6,18,67.08 mln KZT,2019,7.7 km,designer,apartment,none,owner
APT-0010,2026-05-02,Almaty,Millennium Park,"Turan Ave, 169",42.9 m2,1,1,7,32.07 mln KZT,2016,6.7 km,designer,apartment,balcony,owner
APT-0011,2026-04-08,Saryarka,Arai,"Tauelsizdik Ave, 133",165 m2,5,12,12,80.3 mln KZT,2004,6.2 km,euro renovation,apartment,,owner
APT-0012,2026-06-11,Yesil,GreenLine,"Abay Ave, 19",83.4 m2,3,6,7,63.06 mln KZT,2025,2.4 km,rough finish,apartment,,owner
APT-0013,2025-12-29,Baikonur,Baikonur Residence,"Dostyk St, 111",56.3 m2,1,8,24,19.95 mln KZT,,11.3 km,cosmetic,apartment,,owner
APT-0014,2025-07-07,Yesil,,"Turan Ave, 109",89.2 m2,3,11,21,56.11 mln KZT,1991,3.7 km,cosmetic,apartment,loggia,agency
APT-0015,2026-05-13,Yesil,Expo Residence,"Turan Ave, 105",72.4 m2,2,5,5,44.07 mln KZT,,8.8 km,designer,apartment,2 balconies,owner
APT-0016,2025-10-31,Yesil,Sezim Qala,"Turan Ave, 49",53.9 m2,1,10,24,not listed,2012,6.9 km,euro renovation,apartment,,developer
APT-0017,2026-09-02,Baikonur,Baikonur Residence,"Turan Ave, 18",40.5 m2,1,17,24,24.19 mln KZT,2018,5.4 km,designer,apartment,none,agency
APT-0018,2025-11-18,Yesil,Nova City,"Saryarka Ave, 53",111.2 m2,5,5,5,69.76 mln KZT,1990,4.9 km,,apartment,balcony,owner
APT-0019,2026-06-03,Almaty,Highvill,"Qoshqarbayev Ave, 55",90.6 m2,2,4,5,58.2 mln KZT,2024,8.0 km,designer,apartment,,owner
APT-0020,2025-04-20,Yesil,Expo Residence,"Saryarka Ave, 30",100.8 m2,4,1,16,84.06 mln KZT,2020,4.1 km,euro renovation,apartment,,owner
APT-0021,2025-12-08,Almaty,Grand Alatau,"Mangilik El Ave, 1",35.8 m2,1,9,24,18.63 mln KZT,1988,1.6 km,good,apartment,balcony,agency
APT-0022,2025-02-12,Saryarka,Arman,"Bogenbay Batyr Ave, 33",80.0 m2,3,6,7,37.53 mln KZT,1994,7.4 km,euro renovation,studio,,owner
APT-0023,2025-07-01,Yesil,,"Uly Dala Ave, 42",111.4 m2,4,3,7,84.64 mln KZT,2020,8.2 km,good,apartment,,owner
APT-0024,2025-07-24,Almaty,Highvill,"Tauelsizdik Ave, 57",61.8 m2,3,5,12,30.5 mln KZT,1995,6.5 km,rough finish,apartment,,owner
APT-0025,2025-09-25,Nura,Comfort Town,"Mangilik El Ave, 30",35.5 m2,1,3,16,19.94 mln KZT,2002,6.8 km,good,penthouse,balcony,agency
APT-0026,2026-03-23,Yesil,Expo Residence,"Saryarka Ave, 12",25 m2,1,14,18,16.28 mln KZT,2023,8.9 km,rough finish,apartment,none,agency
APT-0027,2025-12-01,Nura,Comfort Town,"Dostyk St, 105",79.7 m2,2,11,18,46.15 mln KZT,1992,9.8 km,,apartment,2 balconies,agency
APT-0028,2026-08-17,Nura,Comfort Town,"Uly Dala Ave, 111",,2,5,9,41.42 mln KZT,2010,8.4 km,rough finish,apartment,,agency
APT-0029,2025-11-14,Nura,Comfort Town,"Kabanbay Batyr Ave, 61",70.6 m2,2,2,9,35.94 mln KZT,2003,8.1 km,,apartment,balcony,agency
APT-0030,2025-09-07,Yesil,Sezim Qala,"Tauelsizdik Ave, 103",34.1 m2,2,4,7,23.42 mln KZT,2011,8.2 km,good,apartment,,agency
APT-0031,2026-06-28,Yesil,,"Turan Ave, 119",87.6 m2,3,2,24,79.17 mln KZT,2020,3.7 km,euro renovation,apartment,loggia,developer
APT-0032,2025-09-02,Baikonur,Keruen,"Qoshqarbayev Ave, 125",122.8 m2,4,6,24,57.7 mln KZT,2015,8.1 km,,apartment,loggia,agency
APT-0033,2026-02-22,Nura,Arena City,"Kabanbay Batyr Ave, 107",53.6 m2,2,3,9,33.95 mln KZT,,7.1 km,cosmetic,apartment,loggia,agency
APT-0034,2026-07-06,Nura,Comfort Town,"Bogenbay Batyr Ave, 108",84.3 m2,4,5,5,67.18 mln KZT,2009,7.8 km,,apartment,,agency
APT-0035,2026-08-01,Saryarka,,"Bogenbay Batyr Ave, 152",32.7 m2,1,6,21,19.88 mln KZT,2014,10.4 km,designer,apartment,none,owner
APT-0036,2026-04-27,Saryarka,Dostyk House,"Saryarka Ave, 21",41.3 m2,1,11,24,20.02 mln KZT,2006,9.1 km,good,apartment,,agency
APT-0037,2026-04-30,Almaty,Millennium Park,"Uly Dala Ave, 33",69.4 m2,1,1,5,39.01 mln KZT,2000,2.4 km,rough finish,apartment,,agency
APT-0038,2026-01-20,Almaty,Highvill,"Saryarka Ave, 148",,3,7,7,46.42 mln KZT,1995,7.8 km,rough finish,apartment,,developer
APT-0039,2025-03-12,Baikonur,Orken,"Dostyk St, 95",76.8 m2,3,4,16,32.89 mln KZT,,11.0 km,good,apartment,,owner
APT-0040,2026-05-11,Saryarka,Arai,"Syganak St, 138",58.5 m2,1,23,24,26.12 mln KZT,1994,6.5 km,euro renovation,apartment,2 balconies,agency
APT-0041,2026-05-22,Almaty,Sat City,"Abay Ave, 8",61.9 m2,2,15,16,41.65 mln KZT,2000,6.3 km,good,apartment,,owner
APT-0042,2025-09-04,Almaty,Sat City,"Tauelsizdik Ave, 143",76.9 m2,2,1,16,34.87 mln KZT,,7.6 km,rough finish,apartment,,agency
APT-0043,2026-04-10,Yesil,Nova City,"Abay Ave, 180",45.3 m2,1,12,16,35.57 mln KZT,2015,5.9 km,good,apartment,,owner
APT-0044,2025-10-31,Nura,Comfort Town,"Kabanbay Batyr Ave, 50",59.5 m2,2,4,9,23.76 mln KZT,1998,,,apartment,,owner
APT-0045,2026-04-26,Baikonur,Baikonur Residence,"Syganak St, 73",45.9 m2,1,5,16,20.46 mln KZT,2025,11.8 km,good,apartment,2 balconies,agency
APT-0046,2026-07-31,Yesil,GreenLine,"Turan Ave, 39",65.4 m2,2,4,7,50.71 mln KZT,2016,2.5 km,euro renovation,apartment,loggia,owner
APT-0047,2025-03-03,Baikonur,Orken,"Saryarka Ave, 146",59.8 m2,3,9,12,22.64 mln KZT,2009,8.1 km,good,apartment,none,developer
APT-0048,2025-08-26,Nura,Orynbor Towers,"Saryarka Ave, 9",70.0 m2,2,2,7,42.69 mln KZT,1985,7.3 km,euro renovation,apartment,loggia,agency
APT-0049,2025-03-03,Saryarka,Arai,"Turan Ave, 19",,1,7,12,21.08 mln KZT,1992,7.4 km,euro renovation,apartment,,agency
APT-0050,2026-03-19,Baikonur,Baikonur Residence,"Syganak St, 11",89.2 m2,4,13,16,39.1 mln KZT,,8.5 km,,apartment,loggia,agency
APT-0051,2026-03-29,Nura,Orynbor Towers,"Qoshqarbayev Ave, 167",148.5 m2,5,3,5,106.18 mln KZT,2021,4.3 km,euro renovation,apartment,,owner
APT-0052,2026-07-18,Saryarka,,"Dostyk St, 103",114.9 m2,5,4,18,59.02 mln KZT,1995,5.6 km,euro renovation,apartment,,agency
APT-0053,2026-03-29,Almaty,,"Syganak St, 128",45.4 m2,1,5,5,21.68 mln KZT,2014,3.9 km,,apartment,none,owner
APT-0054,2025-04-27,Almaty,Sat City,"Kabanbay Batyr Ave, 58",58.7 m2,2,12,12,26.86 mln KZT,1995,3.2 km,rough finish,apartment,,developer
APT-0055,2026-09-06,Nura,Arena City,"Bogenbay Batyr Ave, 49",57.5 m2,2,14,16,29.14 mln KZT,2015,11.8 km,cosmetic,apartment,balcony,developer
APT-0056,2026-07-06,Saryarka,,"Turan Ave, 115",,2,3,5,24.51 mln KZT,2004,9.7 km,good,apartment,2 balconies,owner
APT-0057,2026-01-26,Baikonur,Baikonur Residence,"Abay Ave, 122",86.8 m2,2,10,12,39.31 mln KZT,2009,6.1 km,euro renovation,apartment,,developer
APT-0058,2026-02-24,Nura,Capital Park,"Kerey-Zhanibek St, 37",77.1 m2,2,4,18,60.36 mln KZT,2013,4.8 km,designer,apartment,balcony,owner
APT-0059,2025-03-12,Almaty,Sat City,"Qoshqarbayev Ave, 10",53.9 m2,2,18,18,28.27 mln KZT,2009,7.7 km,euro renovation,studio,,agency
APT-0060,2025-10-28,Nura,Capital Park,"Abay Ave, 15",75.3 m2,3,4,7,50.1 mln KZT,1995,9.6 km,designer,apartment,loggia,owner
APT-0061,2025-05-27,Baikonur,Samal,"Tauelsizdik Ave, 150",57.3 m2,2,2,9,25.84 mln KZT,2024,11.8 km,euro renovation,apartment,,agency
APT-0062,2025-09-14,Almaty,Grand Alatau,"Dostyk St, 109",96.4 m2,3,6,16,48.37 mln KZT,1989,4.1 km,good,apartment,2 balconies,agency
APT-0063,2026-08-03,Saryarka,Dostyk House,"Saryarka Ave, 3",121.8 m2,4,10,18,71.79 mln KZT,2003,3.2 km,euro renovation,apartment,none,developer
APT-0064,2025-02-10,Almaty,Millennium Park,"Dostyk St, 25",85.6 m2,3,11,12,59.26 mln KZT,1997,5.3 km,,apartment,loggia,agency
APT-0065,2025-10-07,Almaty,,"Qoshqarbayev Ave, 129",93.3 m2,3,6,21,57.73 mln KZT,1997,1.9 km,good,apartment,,owner
APT-0066,2025-04-03,Saryarka,,"Qoshqarbayev Ave, 94",123.7 m2,5,4,7,81.9 mln KZT,1989,4.1 km,,apartment,2 balconies,owner
APT-0067,2025-12-02,Saryarka,Zhana Saryarka,"Syganak St, 144",60.9 m2,2,21,21,26.69 mln KZT,2008,3.9 km,cosmetic,apartment,,agency
APT-0068,2025-05-19,Saryarka,Zhana Saryarka,"Uly Dala Ave, 138",102.1 m2,4,1,9,49.46 mln KZT,1987,5.4 km,good,apartment,2 balconies,agency
APT-0069,2026-01-15,Baikonur,Keruen,"Mangilik El Ave, 177",60.6 m2,2,21,21,20.52 mln KZT,1991,11.5 km,euro renovation,studio,,agency
APT-0070,2025-08-06,Almaty,Sat City,"Kabanbay Batyr Ave, 170",36.1 m2,1,2,18,23.07 mln KZT,2010,2.9 km,designer,apartment,none,owner
APT-0071,2025-10-11,Nura,,"Syganak St, 1",90.4 m2,3,10,12,57.31 mln KZT,1998,10.5 km,cosmetic,apartment,,developer
APT-0072,2026-06-23,Nura,Capital Park,"Turan Ave, 108",46.3 m2,1,8,18,not listed,2022,6.6 km,cosmetic,apartment,none,agency
APT-0073,2026-03-13,Almaty,Highvill,"Tauelsizdik Ave, 103",73.8 m2,2,5,5,52.75 mln KZT,2004,4.2 km,designer,apartment,,agency
APT-0074,2026-06-28,Yesil,Nova City,"Bogenbay Batyr Ave, 153",103.5 m2,4,5,9,81.1 mln KZT,2024,6.4 km,good,apartment,,agency
APT-0075,2025-04-08,Yesil,,"Bogenbay Batyr Ave, 107",127.8 m2,4,7,12,95.52 mln KZT,2013,8.2 km,good,apartment,,owner
APT-0076,2025-03-03,Almaty,,"Turan Ave, 143",126.2 m2,5,7,7,55.84 mln KZT,1990,1.7 km,rough finish,apartment,loggia,agency
APT-0077,2025-12-25,Saryarka,Dostyk House,"Uly Dala Ave, 28",99.4 m2,4,12,16,25.45 mln KZT,1991,7.6 km,cosmetic,apartment,,owner
APT-0078,2025-01-07,Nura,Comfort Town,"Abay Ave, 90",135.5 m2,4,5,5,68.46 mln KZT,2002,4.2 km,cosmetic,apartment,,developer
APT-0079,2025-11-16,Saryarka,Arai,"Turan Ave, 95",40.2 m2,1,6,7,15.49 mln KZT,2018,4.7 km,good,apartment,loggia,agency
APT-0080,2025-08-09,Yesil,Sezim Qala,"Bogenbay Batyr Ave, 70",124.9 m2,4,1,5,96.21 mln KZT,2002,5.1 km,good,apartment,none,owner
APT-0081,2025-10-24,Baikonur,Samal,"Turan Ave, 66",58.9 m2,2,20,21,23.22 mln KZT,1988,4.1 km,good,apartment,,owner
APT-0082,2025-11-17,Saryarka,Zhana Saryarka,"Tauelsizdik Ave, 20",28.3 m2,1,3,18,15 mln KZT,2010,9.9 km,rough finish,apartment,2 balconies,agency
APT-0083,2026-02-15,Saryarka,Arman,"Bogenbay Batyr Ave, 151",30.9 m2,2,8,9,19.59 mln KZT,2008,3.7 km,euro renovation,apartment,none,owner
APT-0084,2025-06-01,Almaty,Grand Alatau,"Kerey-Zhanibek St, 166",42.9 m2,1,5,7,28.36 mln KZT,2017,2.4 km,euro renovation,apartment,,owner
APT-0085,2025-11-27,Nura,Orynbor Towers,"Dostyk St, 145",83.5 m2,3,8,9,48.92 mln KZT,,10.0 km,euro renovation,apartment,loggia,owner
APT-0086,2025-03-20,Saryarka,Zhana Saryarka,"Abay Ave, 74",88.1 m2,3,17,18,31.65 mln KZT,1989,5.5 km,good,apartment,,agency
APT-0087,2025-03-05,Saryarka,Dostyk House,"Qoshqarbayev Ave, 39",107.1 m2,3,4,5,51.97 mln KZT,2021,8.2 km,good,apartment,2 balconies,owner
APT-0088,2025-10-17,Almaty,Millennium Park,"Abay Ave, 96",159.9 m2,5,2,5,101.18 mln KZT,2013,7.9 km,good,apartment,,owner
APT-0089,2026-08-20,Baikonur,Samal,"Abay Ave, 21",34.6 m2,1,4,18,15 mln KZT,2020,10.1 km,cosmetic,apartment,,developer
APT-0090,2026-03-10,Saryarka,Zhana Saryarka,"Dostyk St, 172",40.7 m2,1,21,21,18.28 mln KZT,2006,9.5 km,euro renovation,apartment,,owner
APT-0091,2025-05-15,Nura,Capital Park,"Dostyk St, 87",61.9 m2,2,3,9,35.84 mln KZT,1989,6.4 km,euro renovation,apartment,,owner
APT-0092,2025-09-02,Baikonur,Orken,"Uly Dala Ave, 137",117.8 m2,4,12,21,52.89 mln KZT,2000,12.7 km,euro renovation,apartment,,developer
APT-0093,2025-05-22,Nura,Arena City,"Uly Dala Ave, 155",99.2 m2,2,10,24,56.92 mln KZT,2009,8.0 km,good,apartment,loggia,owner
APT-0094,2025-08-16,Almaty,Millennium Park,"Bogenbay Batyr Ave, 24",106.7 m2,3,3,7,58.67 mln KZT,1990,6.3 km,cosmetic,studio,2 balconies,developer
APT-0095,2025-02-09,Saryarka,Arai,"Turan Ave, 36",33.2 m2,1,3,7,18.95 mln KZT,1999,3.2 km,designer,apartment,,developer
APT-0096,2025-09-01,Nura,,"Kabanbay Batyr Ave, 74",60.3 m2,3,1,7,37.21 mln KZT,2001,5.7 km,cosmetic,apartment,loggia,owner
APT-0097,2025-12-28,Baikonur,Orken,"Mangilik El Ave, 158",84.3 m2,2,5,5,46.0 mln KZT,2021,,cosmetic,apartment,,agency
APT-0098,2026-01-01,Yesil,Nova City,"Saryarka Ave, 5",38.8 m2,2,4,5,33.35 mln KZT,2015,2.3 km,good,apartment,,owner
APT-0099,2025-07-06,Yesil,,"Kerey-Zhanibek St, 123",80.7 m2,3,3,5,59.98 mln KZT,2019,4.4 km,euro renovation,apartment,,owner
APT-0100,2025-07-15,Saryarka,,"Saryarka Ave, 10",48.4 m2,1,3,5,30.68 mln KZT,,7.1 km,designer,apartment,,owner
APT-0101,2025-10-01,Almaty,Sat City,"Abay Ave, 133",65.6 m2,2,15,21,34.41 mln KZT,,3.4 km,cosmetic,apartment,,agency
APT-0102,2026-03-31,Baikonur,Orken,"Turan Ave, 177",142.1 m2,5,1,7,64.81 mln KZT,2005,9.9 km,good,apartment,,agency
APT-0103,2026-09-15,Almaty,Millennium Park,"Mangilik El Ave, 37",61.0 m2,3,1,5,42.79 mln KZT,2025,3.8 km,good,apartment,,owner
APT-0104,2026-02-12,Almaty,Millennium Park,"Qoshqarbayev Ave, 94",64.4 m2,2,8,9,41.24 mln KZT,2008,3.6 km,euro renovation,apartment,,agency
APT-0105,2025-07-24,Yesil,Nova City,"Kerey-Zhanibek St, 126",47.7 m2,1,3,7,32.13 mln KZT,2001,6.9 km,cosmetic,apartment,none,owner
APT-0106,2025-06-28,Nura,Comfort Town,"Turan Ave, 180",100.7 m2,4,12,18,54.51 mln KZT,1989,8.4 km,cosmetic,apartment,,agency
APT-0107,2025-03-09,Nura,Arena City,"Syganak St, 23",109.7 m2,4,18,18,88.01 mln KZT,2021,7.0 km,euro renovation,apartment,,owner
APT-0108,2026-08-25,Saryarka,Arai,"Turan Ave, 142",unknown,2,2,7,22.35 mln KZT,2005,,good,apartment,,agency
APT-0109,2025-10-18,Baikonur,Samal,"Abay Ave, 133",116.7 m2,4,5,9,61.68 mln KZT,1995,5.5 km,designer,apartment,none,owner
APT-0110,2026-09-12,Baikonur,Samal,"Turan Ave, 169",47.3 m2,2,5,7,26.55 mln KZT,2026,5.5 km,designer,apartment,,agency
APT-0111,2025-10-24,Yesil,Sezim Qala,"Dostyk St, 140",61.5 m2,1,7,16,45.86 mln KZT,2021,4.9 km,euro renovation,apartment,loggia,agency
APT-0112,2025-12-20,Saryarka,Arman,"Abay Ave, 82",65.4 m2,2,14,24,33.4 mln KZT,2015,6.7 km,good,apartment,,owner
APT-0113,2025-09-12,Baikonur,Orken,"Syganak St, 108",42.3 m2,1,8,24,17.48 mln KZT,1994,4.9 km,cosmetic,studio,,agency
APT-0114,2025-09-04,Almaty,Sat City,"Qoshqarbayev Ave, 118",63.5 m2,1,16,24,41.02 mln KZT,2004,4.5 km,rough finish,apartment,balcony,agency
APT-0115,2026-02-17,Almaty,Millennium Park,"Saryarka Ave, 94",76.1 m2,2,10,24,41.04 mln KZT,2019,1.1 km,rough finish,apartment,,owner
APT-0116,2026-02-08,Baikonur,Baikonur Residence,"Turan Ave, 25",37.6 m2,1,18,24,15 mln KZT,,11.4 km,euro renovation,apartment,loggia,agency
APT-0117,2025-06-02,Almaty,Sat City,"Qoshqarbayev Ave, 117",88.0 m2,3,1,5,54.57 mln KZT,1987,,good,apartment,,owner
APT-0118,2026-01-13,Nura,Comfort Town,"Tauelsizdik Ave, 5",41.0 m2,2,17,18,25.39 mln KZT,2017,8.3 km,euro renovation,penthouse,,agency
APT-0119,2026-08-21,Baikonur,Samal,"Kerey-Zhanibek St, 14",83.8 m2,2,5,5,37.66 mln KZT,2015,6.4 km,euro renovation,apartment,2 balconies,owner
APT-0120,2026-03-05,Baikonur,,"Tauelsizdik Ave, 81",60.3 m2,3,1,12,25.22 mln KZT,2021,,rough finish,apartment,,owner
APT-0121,2025-11-18,Baikonur,Orken,"Qoshqarbayev Ave, 97",110.5 m2,3,2,5,49.06 mln KZT,2018,5.9 km,good,apartment,,agency
APT-0122,2025-10-23,Baikonur,Keruen,"Uly Dala Ave, 77",,2,16,16,16.02 mln KZT,1997,12.6 km,cosmetic,apartment,,agency
APT-0123,2025-10-25,Saryarka,Dostyk House,"Abay Ave, 38",,2,10,16,31.1 mln KZT,1992,7.6 km,good,apartment,,owner
APT-0124,2026-09-23,Almaty,Grand Alatau,"Turan Ave, 28",91.4 m2,4,4,12,53.9 mln KZT,2019,2.9 km,good,apartment,balcony,owner
APT-0125,2026-05-03,Baikonur,,"Bogenbay Batyr Ave, 168",42.6 m2,1,16,18,15 mln KZT,1991,10.1 km,cosmetic,apartment,2 balconies,agency
APT-0126,2025-06-30,Almaty,Highvill,"Turan Ave, 107",42.4 m2,2,6,7,25.74 mln KZT,2021,2.6 km,euro renovation,apartment,,developer
APT-0127,2026-07-11,Saryarka,Arai,"Saryarka Ave, 117",,1,2,16,15 mln KZT,1985,5.4 km,euro renovation,apartment,,developer
APT-0128,2025-07-17,Baikonur,Keruen,"Saryarka Ave, 146",63.4 m2,2,8,9,32.37 mln KZT,,6.3 km,cosmetic,apartment,balcony,agency
APT-0129,2025-08-30,Saryarka,Zhana Saryarka,"Saryarka Ave, 99",,4,2,7,52.6 mln KZT,1993,6.8 km,designer,studio,2 balconies,agency
APT-0130,2026-05-30,Almaty,Millennium Park,"Bogenbay Batyr Ave, 176",70.8 m2,3,8,18,35.16 mln KZT,1988,5.7 km,good,apartment,loggia,agency
APT-0131,2026-04-28,Almaty,Sat City,"Kerey-Zhanibek St, 141",67.4 m2,2,5,24,51.93 mln KZT,2014,6.2 km,euro renovation,apartment,,agency
APT-0132,2025-06-03,Baikonur,,"Syganak St, 138",125.1 m2,4,3,18,74.68 mln KZT,2021,5.0 km,euro renovation,apartment,,owner
APT-0133,2025-11-12,Yesil,GreenLine,"Qoshqarbayev Ave, 119",78.2 m2,3,2,24,53.96 mln KZT,2014,2.9 km,good,apartment,none,owner
APT-0134,2026-02-23,Nura,Orynbor Towers,"Mangilik El Ave, 74",96.1 m2,3,5,7,43.2 mln KZT,1988,11.5 km,rough finish,apartment,balcony,agency
APT-0135,2025-05-02,Saryarka,Arman,"Dostyk St, 90",72.9 m2,2,13,21,28.81 mln KZT,1990,8.5 km,euro renovation,apartment,,developer
APT-0136,2026-04-17,Nura,Orynbor Towers,"Uly Dala Ave, 64",82.2 m2,3,3,5,52.47 mln KZT,2014,9.4 km,good,apartment,,owner
APT-0137,2025-02-19,Yesil,Sezim Qala,"Syganak St, 173",33.1 m2,1,2,5,20.56 mln KZT,1998,2.5 km,good,apartment,balcony,agency
APT-0138,2025-11-25,Nura,Comfort Town,"Syganak St, 154",61.7 m2,2,9,9,38.54 mln KZT,2003,5.9 km,designer,apartment,,owner
APT-0139,2026-03-03,Baikonur,Orken,"Qoshqarbayev Ave, 82",40.7 m2,1,7,9,23.18 mln KZT,2020,8.5 km,designer,apartment,2 balconies,owner
APT-0140,2025-09-19,Baikonur,Samal,"Bogenbay Batyr Ave, 63",67.9 m2,2,8,9,27.23 mln KZT,1988,9.1 km,designer,apartment,,owner
APT-0141,2026-08-25,Saryarka,Zhana Saryarka,"Kabanbay Batyr Ave, 49",132.2 m2,4,1,12,74.93 mln KZT,2002,6.0 km,euro renovation,apartment,balcony,agency
APT-0142,2025-07-29,Almaty,Millennium Park,"Kerey-Zhanibek St, 155",69.1 m2,2,12,12,37.11 mln KZT,1992,6.2 km,euro renovation,apartment,,developer
APT-0143,2026-01-15,Almaty,Sat City,"Abay Ave, 53",48.1 m2,2,12,16,28.0 mln KZT,2017,7.2 km,good,apartment,loggia,owner
APT-0144,2025-12-12,Nura,Arena City,"Tauelsizdik Ave, 141",102.2 m2,3,10,21,59.87 mln KZT,1994,5.6 km,cosmetic,apartment,,agency
APT-0145,2025-03-18,Saryarka,Zhana Saryarka,"Qoshqarbayev Ave, 9",59.6 m2,2,9,9,34.03 mln KZT,2016,4.5 km,designer,apartment,none,agency
APT-0146,2025-01-17,Nura,Orynbor Towers,"Dostyk St, 125",46.9 m2,1,12,24,28.39 mln KZT,1988,8.9 km,euro renovation,apartment,,agency
APT-0147,2025-06-02,Yesil,GreenLine,"Kabanbay Batyr Ave, 135",55.0 m2,2,5,5,50.63 mln KZT,2012,7.6 km,designer,apartment,balcony,owner
APT-0148,2025-02-02,Almaty,Grand Alatau,"Dostyk St, 21",50.2 m2,2,15,21,36.81 mln KZT,2021,2.7 km,euro renovation,apartment,none,owner
APT-0149,2025-08-24,Saryarka,Zhana Saryarka,"Qoshqarbayev Ave, 11",49.3 m2,1,14,24,24.91 mln KZT,2026,9.3 km,good,apartment,,developer
APT-0150,2026-02-12,Baikonur,Samal,"Syganak St, 37",66.3 m2,2,2,16,22.77 mln KZT,1996,12.4 km,good,apartment,,owner
APT-0151,2025-02-24,Baikonur,Baikonur Residence,"Qoshqarbayev Ave, 89",78.6 m2,4,13,18,36.82 mln KZT,1993,11.1 km,,apartment,,agency
APT-0152,2026-07-21,Almaty,Sat City,"Uly Dala Ave, 92",65.7 m2,3,1,18,47.48 mln KZT,2025,2.9 km,designer,apartment,,agency
APT-0153,2025-11-21,Saryarka,Arman,"Kerey-Zhanibek St, 100",26.2 m2,1,1,7,15 mln KZT,2002,4.2 km,euro renovation,apartment,loggia,owner
APT-0154,2025-04-02,Almaty,Sat City,"Kabanbay Batyr Ave, 7",61.5 m2,2,2,7,36.12 mln KZT,2012,4.1 km,good,apartment,,agency
APT-0155,2025-06-23,Almaty,Millennium Park,"Dostyk St, 98",126.5 m2,4,6,7,90.26 mln KZT,2020,7.3 km,,apartment,,owner
APT-0156,2025-07-20,Nura,Orynbor Towers,"Syganak St, 158",30.5 m2,1,3,24,19.25 mln KZT,2008,6.0 km,cosmetic,apartment,2 balconies,owner
APT-0157,2026-09-10,Saryarka,Arman,"Saryarka Ave, 83",42.6 m2,2,15,18,19.01 mln KZT,2006,6.4 km,euro renovation,apartment,,agency
APT-0158,2026-08-01,Saryarka,Dostyk House,"Abay Ave, 30",127.1 m2,5,19,24,67.77 mln KZT,2000,5.6 km,cosmetic,apartment,balcony,agency
APT-0159,2025-05-23,Baikonur,,"Dostyk St, 128",37.9 m2,1,8,12,15 mln KZT,2003,11.5 km,rough finish,apartment,loggia,owner
APT-0160,2026-01-04,Saryarka,,"Qoshqarbayev Ave, 10",125.7 m2,3,19,24,81.77 mln KZT,,7.3 km,designer,apartment,none,owner
APT-0161,2026-07-26,Almaty,Millennium Park,"Qoshqarbayev Ave, 133",30.3 m2,1,11,21,15.43 mln KZT,2012,,,apartment,balcony,agency
APT-0162,2025-12-23,Baikonur,Baikonur Residence,"Kerey-Zhanibek St, 37",114.6 m2,3,4,24,76.98 mln KZT,,7.7 km,designer,apartment,loggia,owner
APT-0163,2025-04-22,Baikonur,Baikonur Residence,"Mangilik El Ave, 88",46.1 m2,2,11,24,19.82 mln KZT,1989,6.7 km,euro renovation,apartment,,developer
APT-0164,2026-09-21,Baikonur,Orken,"Bogenbay Batyr Ave, 8",50.2 m2,1,8,24,22.23 mln KZT,2010,9.7 km,cosmetic,apartment,balcony,agency
APT-0165,2026-04-14,Yesil,Nova City,"Abay Ave, 51",89.3 m2,3,5,7,62.87 mln KZT,1991,7.6 km,good,apartment,,owner
APT-0166,2026-09-22,Baikonur,Samal,"Dostyk St, 77",127.3 m2,5,19,21,62.92 mln KZT,1992,7.1 km,euro renovation,apartment,none,agency
APT-0167,2026-07-05,Nura,Arena City,"Tauelsizdik Ave, 163",69.8 m2,2,14,21,54.9 mln KZT,2023,5.1 km,good,apartment,balcony,agency
APT-0168,2026-05-19,Nura,Orynbor Towers,"Bogenbay Batyr Ave, 176",51.1 m2,1,1,18,33.36 mln KZT,2016,5.1 km,euro renovation,apartment,,agency
APT-0169,2026-07-17,Nura,,"Syganak St, 127",61.9 m2,1,2,16,37.63 mln KZT,,5.8 km,cosmetic,apartment,,agency
APT-0170,2026-04-06,Baikonur,Samal,"Saryarka Ave, 9",85.6 m2,4,4,5,50.0 mln KZT,2019,6.0 km,good,apartment,,owner
APT-0171,2025-05-23,Saryarka,Dostyk House,"Turan Ave, 158",,4,12,12,89.84 mln KZT,2022,8.5 km,designer,apartment,,agency
APT-0172,2025-03-02,Baikonur,Baikonur Residence,"Turan Ave, 106",,2,10,18,32.1 mln KZT,,9.2 km,designer,apartment,,developer
APT-0173,2025-03-19,Nura,Orynbor Towers,"Bogenbay Batyr Ave, 116",54.7 m2,2,16,21,23.82 mln KZT,1994,8.6 km,cosmetic,apartment,,owner
APT-0174,2025-08-12,Almaty,,"Qoshqarbayev Ave, 102",42.6 m2,2,6,7,27.68 mln KZT,2014,5.4 km,euro renovation,apartment,,agency
APT-0175,2025-06-11,Almaty,Sat City,"Mangilik El Ave, 32",,4,11,24,65.0 mln KZT,1988,,euro renovation,penthouse,,agency
APT-0176,2025-06-19,Saryarka,Zhana Saryarka,"Abay Ave, 171",39.6 m2,1,6,16,18.21 mln KZT,2002,3.7 km,good,apartment,,owner
APT-0177,2025-12-18,Nura,Orynbor Towers,"Mangilik El Ave, 3",66.3 m2,2,8,12,38.03 mln KZT,1989,5.1 km,cosmetic,apartment,,developer
APT-0178,2025-05-27,Nura,Orynbor Towers,"Turan Ave, 165",61.8 m2,2,1,7,38.21 mln KZT,2005,6.9 km,cosmetic,apartment,none,agency
APT-0179,2025-05-07,Nura,Capital Park,"Kabanbay Batyr Ave, 36",57.6 m2,2,7,9,35.93 mln KZT,2024,9.5 km,euro renovation,apartment,2 balconies,owner
APT-0180,2025-10-30,Nura,Arena City,"Kerey-Zhanibek St, 101",54.5 m2,2,1,16,35.1 mln KZT,2004,5.6 km,euro renovation,apartment,none,agency
APT-0181,2026-03-07,Nura,Arena City,"Bogenbay Batyr Ave, 146",73.5 m2,2,5,7,46.07 mln KZT,1985,11.9 km,designer,apartment,,agency
APT-0182,2026-05-29,Saryarka,,"Qoshqarbayev Ave, 74",135.5 m2,5,1,7,78.2 mln KZT,2001,4.7 km,designer,apartment,2 balconies,owner
APT-0183,2025-03-09,Baikonur,Keruen,"Bogenbay Batyr Ave, 151",64.4 m2,2,5,7,21.14 mln KZT,1998,12.8 km,cosmetic,apartment,loggia,agency
APT-0184,2025-05-21,Nura,,"Kabanbay Batyr Ave, 4",53.0 m2,1,20,24,41.26 mln KZT,2023,4.4 km,euro renovation,studio,,owner
APT-0185,2025-10-06,Baikonur,Baikonur Residence,"Abay Ave, 110",65.8 m2,2,5,18,17.21 mln KZT,2002,10.6 km,rough finish,penthouse,,owner
APT-0186,2025-01-03,Yesil,GreenLine,"Uly Dala Ave, 131",56.3 m2,2,6,9,32.97 mln KZT,1995,3.8 km,rough finish,apartment,,developer
APT-0187,2025-10-05,Yesil,Sezim Qala,"Kerey-Zhanibek St, 82",55.1 m2,2,5,5,43.16 mln KZT,2026,4.9 km,good,apartment,none,agency
APT-0188,2026-07-21,Yesil,Nova City,"Abay Ave, 23",53.3 m2,1,3,21,30.31 mln KZT,2014,8.1 km,euro renovation,apartment,2 balconies,owner
APT-0189,2026-02-24,Baikonur,Samal,"Turan Ave, 2",81.2 m2,3,16,18,26.41 mln KZT,1997,10.6 km,good,apartment,,owner
APT-0190,2025-10-14,Yesil,Sezim Qala,"Mangilik El Ave, 37",164.3 m2,5,4,16,106.44 mln KZT,1998,5.7 km,cosmetic,apartment,,owner
APT-0191,2026-08-05,Baikonur,Orken,"Kabanbay Batyr Ave, 152",73.3 m2,2,5,7,27.07 mln KZT,1991,8.5 km,euro renovation,studio,,agency
APT-0192,2025-04-22,Nura,Arena City,"Turan Ave, 150",79.9 m2,2,11,21,not listed,2005,7.6 km,cosmetic,apartment,,owner
APT-0193,2025-11-08,Almaty,Highvill,"Turan Ave, 176",25.7 m2,2,8,12,15.21 mln KZT,2004,4.2 km,euro renovation,apartment,,owner
APT-0194,2026-07-18,Nura,Orynbor Towers,"Tauelsizdik Ave, 143",42.1 m2,1,3,5,24.45 mln KZT,2001,10.6 km,,apartment,,owner
APT-0195,2025-09-23,Nura,Capital Park,"Syganak St, 151",61.4 m2,1,3,12,35.7 mln KZT,1997,10.6 km,good,apartment,,owner
APT-0196,2026-05-24,Saryarka,Dostyk House,"Kerey-Zhanibek St, 102",137.2 m2,4,4,18,47.31 mln KZT,1987,10.5 km,,apartment,,owner
APT-0197,2026-07-18,Almaty,,"Tauelsizdik Ave, 106",45.7 m2,1,1,9,29.42 mln KZT,2024,5.3 km,cosmetic,apartment,,owner
APT-0198,2026-05-12,Nura,Comfort Town,"Tauelsizdik Ave, 140",45.4 m2,2,11,12,29.28 mln KZT,2019,10.4 km,designer,apartment,,developer
APT-0199,2025-06-13,Saryarka,Arai,"Syganak St, 60",79.6 m2,2,3,5,30.73 mln KZT,1988,9.5 km,good,apartment,,owner
APT-0200,2026-08-30,Baikonur,Samal,"Turan Ave, 61",113.3 m2,4,10,12,55.21 mln KZT,2009,7.2 km,euro renovation,apartment,loggia,agency
APT-0201,2025-08-27,Baikonur,Baikonur Residence,"Kabanbay Batyr Ave, 15",33.1 m2,1,4,9,15 mln KZT,,8.9 km,cosmetic,apartment,,owner
APT-0202,2026-01-09,Almaty,Millennium Park,"Kabanbay Batyr Ave, 135",110.9 m2,4,6,9,67.15 mln KZT,1988,1.2 km,good,studio,none,owner
APT-0203,2026-09-21,Saryarka,Arman,"Kerey-Zhanibek St, 144",74.7 m2,3,7,9,43.14 mln KZT,2025,10.7 km,euro renovation,apartment,,owner
APT-0204,2025-11-22,Nura,Capital Park,"Turan Ave, 155",59.8 m2,2,1,9,43.21 mln KZT,2021,7.1 km,designer,apartment,balcony,agency
APT-0205,2025-09-29,Saryarka,Arai,"Tauelsizdik Ave, 3",41.7 m2,1,6,18,15.48 mln KZT,2025,10.1 km,rough finish,apartment,,owner
APT-0206,2026-07-14,Almaty,Sat City,"Bogenbay Batyr Ave, 90",81.1 m2,3,24,24,52.36 mln KZT,2011,7.8 km,,apartment,,owner
APT-0207,2025-06-24,Baikonur,Baikonur Residence,"Kabanbay Batyr Ave, 88",78.3 m2,3,7,7,27.25 mln KZT,1987,6.7 km,good,apartment,2 balconies,owner
APT-0208,2025-12-06,Yesil,Expo Residence,"Mangilik El Ave, 26",90.5 m2,2,4,5,78.0 mln KZT,2026,3.2 km,designer,apartment,balcony,developer
APT-0209,2026-01-05,Baikonur,Orken,"Turan Ave, 14",80.4 m2,3,10,16,32.41 mln KZT,2000,4.9 km,good,apartment,,owner
APT-0210,2025-09-29,Baikonur,Orken,"Tauelsizdik Ave, 126",68.8 m2,2,3,16,29.91 mln KZT,2015,11.6 km,good,apartment,,agency
APT-0211,2025-04-10,Almaty,Highvill,"Turan Ave, 179",94.7 m2,4,15,16,69.73 mln KZT,2014,2.8 km,,apartment,,agency
APT-0212,2026-05-03,Saryarka,Dostyk House,"Syganak St, 61",113.5 m2,5,17,21,52.06 mln KZT,2011,10.7 km,euro renovation,apartment,loggia,owner
APT-0213,2025-02-13,Yesil,Expo Residence,"Uly Dala Ave, 33",81.4 m2,2,2,9,62.62 mln KZT,2013,3.2 km,designer,apartment,2 balconies,owner
APT-0214,2026-04-15,Nura,Comfort Town,"Saryarka Ave, 134",unknown,5,11,16,58.55 mln KZT,1989,4.7 km,good,apartment,none,agency
APT-0215,2026-01-28,Baikonur,Keruen,"Bogenbay Batyr Ave, 68",88.9 m2,3,1,7,45.15 mln KZT,2021,11.0 km,euro renovation,apartment,,agency
APT-0216,2025-10-03,Nura,,"Mangilik El Ave, 122",72.9 m2,2,2,21,47.46 mln KZT,2010,11.1 km,good,apartment,loggia,owner
APT-0217,2026-03-03,Almaty,Sat City,"Abay Ave, 69",76.2 m2,2,7,7,45.18 mln KZT,,1.9 km,designer,apartment,,owner
APT-0218,2026-08-06,Saryarka,Dostyk House,"Turan Ave, 135",83.9 m2,3,5,5,33.98 mln KZT,1995,3.5 km,euro renovation,apartment,,owner
APT-0219,2025-02-01,Nura,Orynbor Towers,"Dostyk St, 32",108.1 m2,4,7,18,74.71 mln KZT,2002,6.9 km,good,apartment,,owner
APT-0220,2025-02-20,Nura,,"Mangilik El Ave, 99",unknown,5,6,18,71.18 mln KZT,2001,10.0 km,euro renovation,apartment,,developer
APT-0221,2025-06-27,Nura,Capital Park,"Tauelsizdik Ave, 34",91.7 m2,4,14,16,63.19 mln KZT,2017,4.2 km,euro renovation,apartment,none,owner
APT-0222,2025-01-08,Almaty,Sat City,"Syganak St, 27",78.8 m2,3,12,21,47.26 mln KZT,,2.8 km,,apartment,,agency
APT-0223,2026-06-14,Almaty,Grand Alatau,"Uly Dala Ave, 39",65.0 m2,2,11,16,41.99 mln KZT,2002,2.8 km,euro renovation,apartment,,developer
APT-0224,2026-08-21,Baikonur,,"Kerey-Zhanibek St, 10",57.7 m2,2,4,5,26.67 mln KZT,2003,6.3 km,good,apartment,,owner
APT-0225,2026-04-28,Baikonur,Samal,"Saryarka Ave, 25",,3,17,18,19.53 mln KZT,2004,11.6 km,euro renovation,apartment,balcony,agency
APT-0226,2026-01-16,Baikonur,Keruen,"Bogenbay Batyr Ave, 85",91.9 m2,3,3,18,48.91 mln KZT,1999,7.2 km,euro renovation,apartment,,agency
APT-0227,2026-02-28,Yesil,Sezim Qala,"Qoshqarbayev Ave, 77",73.4 m2,2,4,7,50.6 mln KZT,1997,5.5 km,,apartment,,developer
APT-0228,2025-07-01,Nura,,"Tauelsizdik Ave, 86",90.5 m2,2,5,24,48.63 mln KZT,2005,10.9 km,cosmetic,apartment,,agency
APT-0229,2026-05-04,Almaty,Sat City,"Bogenbay Batyr Ave, 110",44.3 m2,1,8,9,21.49 mln KZT,1990,1.9 km,,apartment,,owner
APT-0230,2025-04-16,Almaty,Grand Alatau,"Saryarka Ave, 34",161.2 m2,5,1,12,69.25 mln KZT,,5.4 km,cosmetic,apartment,2 balconies,agency
APT-0231,2026-02-18,Yesil,Nova City,"Uly Dala Ave, 43",unknown,4,14,18,83.33 mln KZT,1993,4.4 km,designer,apartment,,owner
APT-0232,2025-02-19,Nura,Comfort Town,"Qoshqarbayev Ave, 160",56.1 m2,1,3,7,36.93 mln KZT,2026,10.3 km,good,apartment,,agency
APT-0233,2025-04-14,Yesil,,"Saryarka Ave, 108",51.7 m2,1,5,7,34.71 mln KZT,2001,5.3 km,cosmetic,apartment,,agency
APT-0234,2025-07-26,Saryarka,Arman,"Saryarka Ave, 134",130.7 m2,4,3,7,59.43 mln KZT,1992,9.3 km,good,apartment,,agency
APT-0235,2026-05-21,Yesil,GreenLine,"Syganak St, 172",102.7 m2,3,11,24,72.87 mln KZT,2000,2.0 km,euro renovation,apartment,balcony,developer
APT-0236,2026-01-04,Yesil,Expo Residence,"Mangilik El Ave, 75",91.9 m2,3,8,12,59.52 mln KZT,2003,3.8 km,rough finish,apartment,loggia,owner
APT-0237,2025-07-07,Yesil,GreenLine,"Abay Ave, 88",53.2 m2,1,12,18,36.89 mln KZT,2013,,cosmetic,studio,none,owner
APT-0238,2026-03-03,Almaty,,"Turan Ave, 27",100.4 m2,4,21,21,57.84 mln KZT,1995,1.8 km,euro renovation,apartment,,agency
APT-0239,2025-11-18,Nura,Capital Park,"Kabanbay Batyr Ave, 67",86.0 m2,3,8,9,53.34 mln KZT,2016,4.9 km,good,apartment,,agency
APT-0240,2026-05-09,Baikonur,Orken,"Dostyk St, 64",88.5 m2,3,17,18,55.18 mln KZT,2018,,euro renovation,apartment,,agency
APT-0241,2025-03-18,Nura,,"Tauelsizdik Ave, 43",58.1 m2,4,1,5,34.77 mln KZT,2026,11.5 km,good,apartment,,owner
APT-0242,2026-04-03,Almaty,Sat City,"Kabanbay Batyr Ave, 128",44.9 m2,1,8,21,28.94 mln KZT,1990,4.2 km,euro renovation,apartment,loggia,owner
APT-0243,2026-04-13,Yesil,Expo Residence,"Dostyk St, 172",,1,1,5,22.35 mln KZT,2023,,euro renovation,apartment,,owner
APT-0244,2025-12-30,Nura,Arena City,"Mangilik El Ave, 88",92.9 m2,4,23,24,57.4 mln KZT,2008,9.7 km,rough finish,apartment,,agency
APT-0245,2025-07-15,Yesil,Sezim Qala,"Uly Dala Ave, 118",45.4 m2,1,4,21,29.33 mln KZT,2001,6.3 km,cosmetic,apartment,loggia,owner
APT-0246,2026-06-05,Baikonur,Orken,"Syganak St, 124",52.3 m2,1,8,9,15 mln KZT,,8.8 km,rough finish,apartment,balcony,agency
APT-0247,2025-12-18,Nura,,"Saryarka Ave, 102",33.0 m2,1,17,18,19.93 mln KZT,2009,7.3 km,euro renovation,apartment,,agency
APT-0248,2025-05-16,Saryarka,Arai,"Dostyk St, 89",96.5 m2,3,18,18,47.65 mln KZT,2025,4.7 km,cosmetic,apartment,,agency
APT-0249,2025-01-26,Almaty,Highvill,"Qoshqarbayev Ave, 28",83.4 m2,3,18,21,40.07 mln KZT,2003,7.1 km,good,apartment,2 balconies,owner
APT-0250,2025-04-15,Nura,Capital Park,"Abay Ave, 116",69.9 m2,2,5,16,24.49 mln KZT,1988,9.5 km,cosmetic,apartment,balcony,agency
APT-0251,2025-01-14,Nura,Comfort Town,"Qoshqarbayev Ave, 14",67.3 m2,2,4,5,39.89 mln KZT,2009,7.3 km,euro renovation,apartment,,owner
APT-0252,2025-07-01,Saryarka,Arman,"Saryarka Ave, 115",131.9 m2,4,18,18,74.28 mln KZT,2023,4.6 km,euro renovation,apartment,none,owner
APT-0253,2025-02-10,Baikonur,Keruen,"Tauelsizdik Ave, 40",51.4 m2,1,5,16,17.88 mln KZT,1995,9.3 km,cosmetic,apartment,balcony,developer
APT-0254,2026-03-02,Baikonur,Baikonur Residence,"Qoshqarbayev Ave, 41",98.0 m2,4,3,18,59.74 mln KZT,2005,8.7 km,designer,apartment,,owner
APT-0255,2026-09-21,Nura,Orynbor Towers,"Uly Dala Ave, 165",75.5 m2,3,18,24,62.03 mln KZT,2026,4.1 km,euro renovation,apartment,,developer
APT-0256,2026-04-02,Almaty,Grand Alatau,"Qoshqarbayev Ave, 131",63.0 m2,2,10,16,31.27 mln KZT,1986,7.4 km,euro renovation,apartment,,owner
APT-0257,2026-07-05,Nura,Orynbor Towers,"Kabanbay Batyr Ave, 53",66.5 m2,2,1,5,41.39 mln KZT,1998,9.4 km,euro renovation,studio,,agency
APT-0258,2026-02-02,Nura,Arena City,"Saryarka Ave, 105",41.3 m2,1,1,7,21.88 mln KZT,1996,10.4 km,good,apartment,2 balconies,agency
APT-0259,2025-10-24,Yesil,Nova City,"Qoshqarbayev Ave, 28",62.1 m2,2,7,7,51.14 mln KZT,2022,2.3 km,euro renovation,apartment,loggia,agency
APT-0260,2025-11-02,Saryarka,Arai,"Dostyk St, 37",62.5 m2,2,9,9,29.06 mln KZT,1999,4.1 km,good,apartment,,developer
APT-0261,2026-06-09,Baikonur,,"Uly Dala Ave, 106",57.1 m2,1,18,21,24.74 mln KZT,2020,12.5 km,good,apartment,,owner
APT-0262,2025-07-22,Almaty,Highvill,"Saryarka Ave, 26",51.0 m2,1,5,5,30.87 mln KZT,2014,5.5 km,rough finish,apartment,2 balconies,developer
APT-0263,2026-01-09,Nura,,"Syganak St, 146",25 m2,1,16,18,15.21 mln KZT,2013,6.6 km,euro renovation,apartment,,developer
APT-0264,2026-01-03,Almaty,Sat City,"Tauelsizdik Ave, 115",65.1 m2,2,9,21,49.09 mln KZT,2008,1.9 km,euro renovation,apartment,loggia,agency
APT-0265,2025-02-01,Baikonur,,"Qoshqarbayev Ave, 162",37.7 m2,1,5,12,20.57 mln KZT,2025,,rough finish,apartment,2 balconies,agency
APT-0266,2026-05-29,Yesil,Nova City,"Turan Ave, 119",25.7 m2,3,21,24,15 mln KZT,1994,4.6 km,cosmetic,apartment,,owner
APT-0267,2026-01-03,Nura,Arena City,"Kerey-Zhanibek St, 124",,4,9,9,56.49 mln KZT,1993,7.6 km,cosmetic,apartment,none,owner
APT-0268,2025-04-16,Yesil,GreenLine,"Dostyk St, 83",63.1 m2,2,13,18,53.83 mln KZT,2015,8.4 km,designer,apartment,loggia,agency
APT-0269,2026-05-14,Baikonur,Orken,"Abay Ave, 89",70.9 m2,3,5,7,38.91 mln KZT,2001,7.4 km,designer,apartment,2 balconies,developer
APT-0270,2026-03-01,Nura,Capital Park,"Dostyk St, 59",63.1 m2,2,7,16,42.19 mln KZT,1994,5.5 km,good,apartment,,agency
APT-0271,2026-06-09,Saryarka,Arman,"Turan Ave, 162",44.0 m2,2,1,21,19.69 mln KZT,2000,3.3 km,good,apartment,none,developer
APT-0272,2025-08-13,Nura,Orynbor Towers,"Tauelsizdik Ave, 44",76.0 m2,2,3,5,57.15 mln KZT,1990,5.7 km,euro renovation,apartment,,agency
APT-0273,2025-01-17,Nura,Orynbor Towers,"Turan Ave, 28",72.3 m2,3,15,18,46.38 mln KZT,2023,8.7 km,cosmetic,apartment,,agency
APT-0274,2025-01-02,Saryarka,Arman,"Syganak St, 139",99.1 m2,4,5,5,38.6 mln KZT,2017,9.0 km,rough finish,apartment,2 balconies,agency
APT-0275,2025-09-18,Yesil,GreenLine,"Bogenbay Batyr Ave, 35",47.9 m2,3,13,24,37.68 mln KZT,2007,6.1 km,euro renovation,studio,,agency
APT-0276,2025-07-30,Yesil,GreenLine,"Bogenbay Batyr Ave, 168",71.3 m2,2,1,12,34.66 mln KZT,1985,6.0 km,rough finish,apartment,loggia,owner
APT-0277,2026-07-20,Saryarka,Dostyk House,"Uly Dala Ave, 106",81.3 m2,3,19,21,54.41 mln KZT,2008,7.9 km,designer,apartment,2 balconies,owner
APT-0278,2026-06-05,Saryarka,,"Kabanbay Batyr Ave, 55",56.5 m2,2,5,21,24.94 mln KZT,1992,9.0 km,good,apartment,2 balconies,agency
APT-0279,2025-08-16,Baikonur,Baikonur Residence,"Kabanbay Batyr Ave, 68",79.5 m2,3,1,5,31.32 mln KZT,1994,8.2 km,euro renovation,apartment,loggia,owner
APT-0280,2025-10-20,Saryarka,Arman,"Dostyk St, 133",111.3 m2,5,2,16,53.71 mln KZT,1996,8.1 km,good,apartment,,owner
APT-0281,2026-02-09,Baikonur,Keruen,"Bogenbay Batyr Ave, 91",64.0 m2,3,8,18,29.69 mln KZT,2026,4.0 km,cosmetic,apartment,2 balconies,agency
APT-0282,2025-01-05,Yesil,Sezim Qala,"Bogenbay Batyr Ave, 148",80.4 m2,4,12,18,62.3 mln KZT,2002,3.6 km,designer,apartment,,owner
APT-0283,2026-04-17,Baikonur,Samal,"Abay Ave, 118",34.0 m2,1,9,16,17.51 mln KZT,2013,,good,apartment,none,agency
APT-0284,2025-09-12,Saryarka,Zhana Saryarka,"Kerey-Zhanibek St, 68",106.0 m2,3,6,12,47.02 mln KZT,2011,10.6 km,good,apartment,,owner
APT-0285,2025-08-29,Almaty,Millennium Park,"Tauelsizdik Ave, 52",54.4 m2,1,7,18,38.84 mln KZT,2021,2.9 km,designer,apartment,,developer
APT-0286,2026-05-09,Nura,Capital Park,"Qoshqarbayev Ave, 11",116.7 m2,4,1,7,not listed,1990,9.4 km,euro renovation,apartment,loggia,agency
APT-0287,2025-02-03,Baikonur,Orken,"Tauelsizdik Ave, 139",56.2 m2,4,13,16,19.92 mln KZT,1999,10.8 km,,apartment,,owner
APT-0288,2026-09-20,Nura,Capital Park,"Abay Ave, 93",73.3 m2,2,1,18,41.8 mln KZT,1985,9.4 km,good,apartment,,owner
APT-0289,2026-04-07,Almaty,Grand Alatau,"Bogenbay Batyr Ave, 72",50.9 m2,2,14,24,29.11 mln KZT,1998,3.9 km,euro renovation,penthouse,balcony,agency
APT-0290,2025-06-30,Nura,Arena City,"Tauelsizdik Ave, 3",102.1 m2,4,13,21,63.72 mln KZT,1997,5.2 km,designer,penthouse,,agency
APT-0291,2025-04-09,Baikonur,Samal,"Saryarka Ave, 122",54.5 m2,2,2,16,27.49 mln KZT,2010,4.9 km,cosmetic,apartment,2 balconies,agency
APT-0292,2026-07-06,Almaty,Millennium Park,"Syganak St, 148",93.2 m2,3,4,5,53.98 mln KZT,1992,3.5 km,euro renovation,apartment,balcony,developer
APT-0293,2025-12-12,Almaty,Millennium Park,"Turan Ave, 164",55.9 m2,3,4,7,40.45 mln KZT,,3.0 km,euro renovation,apartment,,agency
APT-0294,2026-06-18,Yesil,,"Abay Ave, 151",36.2 m2,1,9,16,26.54 mln KZT,2023,6.5 km,cosmetic,apartment,,owner
APT-0295,2025-01-27,Yesil,Sezim Qala,"Qoshqarbayev Ave, 14",42.9 m2,1,2,7,26.13 mln KZT,1995,4.8 km,rough finish,penthouse,2 balconies,agency
APT-0296,2025-06-24,Yesil,Expo Residence,"Turan Ave, 135",72.4 m2,2,10,21,not listed,1999,3.7 km,cosmetic,apartment,none,owner
APT-0297,2026-04-13,Almaty,Millennium Park,"Syganak St, 153",72.3 m2,4,15,16,41.81 mln KZT,1993,7.8 km,,apartment,,agency
APT-0298,2026-06-20,Almaty,Grand Alatau,"Mangilik El Ave, 1",95.2 m2,4,4,7,55.11 mln KZT,2004,3.6 km,cosmetic,apartment,,owner
APT-0299,2025-07-13,Yesil,,"Qoshqarbayev Ave, 96",55.2 m2,3,1,16,38.29 mln KZT,2012,7.6 km,good,apartment,,developer
APT-0300,2026-06-29,Nura,,"Saryarka Ave, 167",41.0 m2,1,8,21,25.27 mln KZT,2001,4.6 km,euro renovation,apartment,,owner
APT-0301,2025-01-23,Nura,,"Mangilik El Ave, 137",52.2 m2,1,9,24,37.03 mln KZT,2024,,good,apartment,,developer
APT-0302,2025-02-02,Nura,Orynbor Towers,"Abay Ave, 119",80.3 m2,3,1,9,51.84 mln KZT,2016,5.7 km,good,apartment,loggia,owner
APT-0303,2025-09-12,Nura,Orynbor Towers,"Mangilik El Ave, 32",42.7 m2,1,6,24,20.85 mln KZT,1997,11.2 km,cosmetic,apartment,2 balconies,agency
APT-0304,2025-02-13,Yesil,,"Turan Ave, 162",41.5 m2,1,8,12,26.88 mln KZT,,6.8 km,good,apartment,none,owner
APT-0305,2026-02-10,Nura,,"Syganak St, 31",80.7 m2,2,2,7,51.14 mln KZT,2025,7.5 km,rough finish,apartment,balcony,owner
APT-0306,2025-06-07,Saryarka,Zhana Saryarka,"Mangilik El Ave, 92",97.4 m2,3,3,12,65.02 mln KZT,2016,3.7 km,euro renovation,apartment,,owner
APT-0307,2026-05-12,Baikonur,,"Saryarka Ave, 11",83.2 m2,3,24,24,28.6 mln KZT,1997,4.2 km,good,apartment,,agency
APT-0308,2026-04-06,Saryarka,Zhana Saryarka,"Qoshqarbayev Ave, 40",,1,9,24,24.42 mln KZT,2023,10.3 km,good,apartment,,agency
APT-0309,2026-07-06,Saryarka,Arman,"Abay Ave, 17",34.4 m2,1,1,9,16.8 mln KZT,2024,9.9 km,euro renovation,apartment,,owner
APT-0310,2025-07-26,Baikonur,Samal,"Turan Ave, 9",39.5 m2,1,4,18,15 mln KZT,1991,8.7 km,rough finish,apartment,none,agency
APT-0311,2026-05-19,Baikonur,Baikonur Residence,"Uly Dala Ave, 168",67.8 m2,3,2,16,36.85 mln KZT,2008,6.0 km,euro renovation,apartment,,agency
APT-0312,2025-08-10,Almaty,Highvill,"Saryarka Ave, 20",97.4 m2,3,2,18,55.95 mln KZT,2024,2.9 km,rough finish,apartment,,owner
APT-0313,2026-03-14,Saryarka,Arai,"Dostyk St, 118",33.0 m2,1,9,9,15 mln KZT,2020,6.3 km,,apartment,,owner
APT-0314,2026-03-17,Saryarka,Arai,"Bogenbay Batyr Ave, 163",51.5 m2,2,12,24,25.33 mln KZT,2005,7.4 km,designer,apartment,loggia,agency
APT-0315,2025-01-17,Nura,Capital Park,"Saryarka Ave, 153",39.0 m2,2,15,18,18.99 mln KZT,2013,11.7 km,rough finish,apartment,,developer
APT-0316,2026-08-20,Almaty,Millennium Park,"Saryarka Ave, 94",138.8 m2,5,5,16,89.09 mln KZT,1991,1.3 km,good,apartment,,owner
APT-0317,2025-11-04,Yesil,GreenLine,"Syganak St, 165",71.8 m2,3,6,7,44.33 mln KZT,2005,7.6 km,,apartment,none,agency
APT-0318,2026-01-27,Yesil,,"Dostyk St, 162",,3,14,21,52.84 mln KZT,1992,8.1 km,cosmetic,apartment,none,owner
APT-0319,2025-10-24,Baikonur,Baikonur Residence,"Uly Dala Ave, 111",70.5 m2,3,1,9,35.53 mln KZT,2010,12.7 km,euro renovation,apartment,2 balconies,owner
APT-0320,2025-07-22,Saryarka,,"Tauelsizdik Ave, 144",97.4 m2,3,4,7,56.03 mln KZT,2017,6.5 km,euro renovation,apartment,,owner
APT-0321,2026-02-28,Baikonur,Baikonur Residence,"Kabanbay Batyr Ave, 172",80.9 m2,3,3,7,41.59 mln KZT,,6.9 km,,apartment,2 balconies,owner
APT-0322,2026-01-18,Almaty,Millennium Park,"Uly Dala Ave, 176",95.5 m2,3,15,18,58.67 mln KZT,2024,2.0 km,rough finish,apartment,balcony,agency
APT-0323,2025-01-24,Yesil,Nova City,"Tauelsizdik Ave, 121",83.0 m2,3,5,9,62.26 mln KZT,1985,4.4 km,euro renovation,apartment,,owner
APT-0324,2025-03-03,Nura,Capital Park,"Saryarka Ave, 44",82.0 m2,3,1,9,48.77 mln KZT,2009,8.7 km,euro renovation,apartment,,owner
APT-0325,2026-06-05,Almaty,Sat City,"Uly Dala Ave, 98",41.1 m2,1,9,21,19.41 mln KZT,2008,7.0 km,rough finish,apartment,,developer
APT-0326,2026-02-07,Baikonur,Keruen,"Abay Ave, 126",67.4 m2,2,18,24,36.93 mln KZT,1986,4.4 km,designer,apartment,,owner
APT-0327,2025-08-19,Almaty,,"Qoshqarbayev Ave, 72",85.8 m2,3,2,16,71.68 mln KZT,2025,2.8 km,good,apartment,,owner
APT-0328,2026-04-05,Nura,Comfort Town,"Syganak St, 85",25 m2,1,7,12,16.82 mln KZT,2000,8.6 km,good,apartment,,owner
APT-0329,2026-07-25,Baikonur,Samal,"Abay Ave, 18",84.6 m2,3,7,9,33.29 mln KZT,1994,9.9 km,good,apartment,,owner
APT-0330,2025-04-20,Nura,Comfort Town,"Turan Ave, 49",85.2 m2,3,14,21,50.98 mln KZT,2004,7.5 km,designer,apartment,balcony,owner
APT-0331,2026-09-12,Baikonur,Orken,"Turan Ave, 129",64.6 m2,3,4,12,23.4 mln KZT,1986,7.2 km,euro renovation,apartment,,agency
APT-0332,2025-07-27,Saryarka,Arman,"Kerey-Zhanibek St, 172",67.0 m2,2,4,5,31.5 mln KZT,1985,10.4 km,designer,studio,balcony,owner
APT-0333,2026-02-08,Saryarka,Dostyk House,"Kerey-Zhanibek St, 81",92.1 m2,4,8,24,39.67 mln KZT,2012,6.2 km,rough finish,apartment,,agency
APT-0334,2026-03-27,Yesil,,"Uly Dala Ave, 75",108.6 m2,4,5,5,89.26 mln KZT,2009,5.6 km,euro renovation,apartment,2 balconies,developer
APT-0335,2025-04-26,Almaty,Highvill,"Kerey-Zhanibek St, 129",44.0 m2,2,5,5,27.46 mln KZT,1994,4.2 km,euro renovation,studio,,agency
APT-0336,2025-11-28,Baikonur,Orken,"Kabanbay Batyr Ave, 65",30.8 m2,1,8,9,16.83 mln KZT,2022,12.1 km,designer,apartment,,agency
APT-0337,2025-12-10,Yesil,Sezim Qala,"Mangilik El Ave, 44",77.5 m2,3,17,21,54.39 mln KZT,2024,8.6 km,good,apartment,,owner
APT-0338,2025-09-17,Yesil,,"Mangilik El Ave, 160",52.2 m2,2,10,24,49.88 mln KZT,2025,3.3 km,designer,apartment,none,agency
APT-0339,2025-10-12,Baikonur,Baikonur Residence,"Uly Dala Ave, 141",91.7 m2,4,10,12,38.97 mln KZT,2015,8.1 km,good,apartment,,owner
APT-0340,2025-10-19,Almaty,Millennium Park,"Turan Ave, 173",52.8 m2,1,11,16,26.32 mln KZT,1990,1.3 km,good,apartment,balcony,developer
APT-0341,2025-05-18,Almaty,Highvill,"Saryarka Ave, 121",149.1 m2,5,13,18,88.28 mln KZT,1989,6.3 km,euro renovation,apartment,none,agency
APT-0342,2026-09-12,Baikonur,Baikonur Residence,"Tauelsizdik Ave, 177",63.4 m2,2,1,5,33.14 mln KZT,2021,10.6 km,euro renovation,apartment,,owner
APT-0343,2025-10-25,Almaty,Millennium Park,"Syganak St, 60",74.1 m2,2,8,9,45.07 mln KZT,2018,6.1 km,good,apartment,,owner
APT-0344,2025-07-26,Yesil,Expo Residence,"Mangilik El Ave, 164",87.9 m2,3,14,21,62.82 mln KZT,1987,4.3 km,good,apartment,,owner
APT-0345,2025-12-05,Almaty,Highvill,"Turan Ave, 50",60.3 m2,2,11,18,37.82 mln KZT,2010,6.1 km,euro renovation,apartment,,developer
APT-0346,2026-08-02,Saryarka,,"Qoshqarbayev Ave, 77",95.4 m2,4,18,24,45.0 mln KZT,2006,6.7 km,euro renovation,apartment,loggia,agency
APT-0347,2025-06-19,Baikonur,Orken,"Dostyk St, 137",92.3 m2,3,3,18,23.35 mln KZT,1994,6.5 km,,apartment,,owner
APT-0348,2025-11-06,Almaty,Grand Alatau,"Uly Dala Ave, 135",80.4 m2,3,3,21,49.11 mln KZT,2016,7.1 km,good,apartment,,owner
APT-0349,2025-04-11,Nura,Comfort Town,"Abay Ave, 37",104.2 m2,4,17,24,74.4 mln KZT,1994,5.5 km,designer,apartment,balcony,owner
APT-0350,2025-11-16,Saryarka,Zhana Saryarka,"Qoshqarbayev Ave, 169",80.6 m2,3,5,5,42.08 mln KZT,1990,5.7 km,designer,apartment,,agency
APT-0351,2026-07-28,Nura,Capital Park,"Mangilik El Ave, 160",65.0 m2,2,15,18,38.94 mln KZT,1992,6.2 km,cosmetic,apartment,,owner
APT-0352,2025-01-30,Almaty,Sat City,"Mangilik El Ave, 34",84.7 m2,2,3,12,50.69 mln KZT,1989,3.2 km,designer,apartment,,developer
APT-0353,2025-05-15,Saryarka,Zhana Saryarka,"Tauelsizdik Ave, 146",35.3 m2,1,20,24,18.97 mln KZT,2007,5.5 km,euro renovation,studio,none,agency
APT-0354,2025-07-07,Saryarka,Arai,"Abay Ave, 101",35.6 m2,1,16,24,15.57 mln KZT,,10.6 km,cosmetic,apartment,loggia,agency
APT-0355,2026-02-20,Saryarka,Arman,"Qoshqarbayev Ave, 27",67.3 m2,2,15,24,30.93 mln KZT,1995,5.3 km,good,apartment,,owner
APT-0356,2026-08-29,Almaty,Grand Alatau,"Uly Dala Ave, 178",49.3 m2,2,9,12,26.72 mln KZT,1995,7.8 km,,apartment,,agency
APT-0357,2025-04-10,Almaty,Sat City,"Abay Ave, 143",84.0 m2,3,6,7,51.98 mln KZT,2021,6.9 km,rough finish,studio,2 balconies,owner
APT-0358,2025-01-01,Yesil,Expo Residence,"Turan Ave, 149",unknown,3,11,21,41.65 mln KZT,2016,6.5 km,rough finish,apartment,balcony,agency
APT-0359,2025-04-02,Almaty,Sat City,"Kerey-Zhanibek St, 89",52.8 m2,2,10,18,33.65 mln KZT,2021,6.6 km,euro renovation,apartment,none,agency
APT-0360,2026-03-19,Nura,Comfort Town,"Mangilik El Ave, 61",143.8 m2,4,1,5,99.84 mln KZT,2020,10.6 km,good,apartment,2 balconies,agency
APT-0361,2025-10-23,Saryarka,Arai,"Bogenbay Batyr Ave, 40",41.2 m2,2,5,24,18.46 mln KZT,1997,7.4 km,euro renovation,apartment,balcony,owner
APT-0362,2026-03-12,Yesil,Sezim Qala,"Kerey-Zhanibek St, 155",55.2 m2,1,2,9,31.31 mln KZT,1993,6.5 km,good,apartment,,agency
APT-0363,2026-08-14,Saryarka,Arai,"Bogenbay Batyr Ave, 140",63.2 m2,2,5,5,31.32 mln KZT,2016,9.8 km,cosmetic,apartment,,owner
APT-0364,2025-03-22,Saryarka,Arai,"Tauelsizdik Ave, 133",95.9 m2,3,2,7,57.58 mln KZT,2018,10.9 km,designer,apartment,none,owner
APT-0365,2026-03-08,Yesil,Sezim Qala,"Syganak St, 85",61.6 m2,3,3,5,43.02 mln KZT,2019,7.4 km,good,apartment,,developer
APT-0366,2025-01-28,Almaty,,"Dostyk St, 75",36.5 m2,1,9,16,15.99 mln KZT,1988,5.4 km,good,apartment,,agency
APT-0367,2026-04-03,Yesil,Expo Residence,"Syganak St, 39",106.3 m2,4,9,16,71.54 mln KZT,2001,2.1 km,rough finish,apartment,loggia,agency
APT-0368,2025-09-01,Nura,Orynbor Towers,"Bogenbay Batyr Ave, 99",69.5 m2,2,3,18,34.69 mln KZT,1994,8.8 km,euro renovation,apartment,2 balconies,agency
APT-0369,2025-08-28,Baikonur,Orken,"Kerey-Zhanibek St, 137",69.1 m2,3,1,7,31.42 mln KZT,1995,8.2 km,good,apartment,,agency
APT-0370,2025-12-29,Almaty,Highvill,"Kabanbay Batyr Ave, 137",43.3 m2,1,13,24,24.77 mln KZT,2005,,euro renovation,apartment,2 balconies,agency
APT-0371,2025-07-04,Almaty,Millennium Park,"Qoshqarbayev Ave, 87",60.3 m2,2,15,21,34.47 mln KZT,2000,,good,apartment,,agency
APT-0372,2025-04-05,Yesil,,"Mangilik El Ave, 159",46.6 m2,1,12,24,28.83 mln KZT,1999,7.1 km,cosmetic,apartment,,developer
APT-0373,2025-07-08,Nura,Arena City,"Kabanbay Batyr Ave, 179",114.7 m2,5,1,7,81.36 mln KZT,2023,5.0 km,euro renovation,apartment,,owner
APT-0374,2025-12-07,Yesil,GreenLine,"Bogenbay Batyr Ave, 100",93.4 m2,3,11,21,56.3 mln KZT,2001,3.1 km,rough finish,apartment,none,owner
APT-0375,2025-04-19,Nura,Orynbor Towers,"Uly Dala Ave, 158",28.9 m2,2,6,21,19.15 mln KZT,2026,7.9 km,cosmetic,apartment,2 balconies,agency
APT-0376,2025-09-30,Yesil,GreenLine,"Dostyk St, 100",39.1 m2,1,4,5,17.59 mln KZT,1994,6.6 km,rough finish,apartment,,agency
APT-0377,2025-01-04,Baikonur,Baikonur Residence,"Qoshqarbayev Ave, 58",36.6 m2,1,14,24,15 mln KZT,2010,11.6 km,euro renovation,apartment,,developer
APT-0378,2025-12-15,Saryarka,Zhana Saryarka,"Abay Ave, 137",25 m2,1,10,18,15 mln KZT,,3.4 km,designer,apartment,none,agency
APT-0379,2026-03-25,Almaty,Grand Alatau,"Tauelsizdik Ave, 22",84.0 m2,3,7,21,56.71 mln KZT,2004,5.9 km,designer,apartment,,owner
APT-0380,2025-02-27,Baikonur,Baikonur Residence,"Mangilik El Ave, 87",25.7 m2,1,16,16,15 mln KZT,2019,12.7 km,euro renovation,apartment,,agency
APT-0381,2025-02-16,Yesil,GreenLine,"Tauelsizdik Ave, 159",33.7 m2,1,4,9,19.27 mln KZT,1989,2.3 km,cosmetic,apartment,balcony,agency
APT-0382,2026-09-02,Nura,Capital Park,"Kabanbay Batyr Ave, 128",106.5 m2,3,4,7,70.24 mln KZT,2024,5.4 km,good,apartment,,owner
APT-0383,2025-06-27,Almaty,Millennium Park,"Mangilik El Ave, 152",134.9 m2,4,4,18,86.56 mln KZT,2021,4.8 km,good,apartment,,owner
APT-0384,2026-05-14,Saryarka,Dostyk House,"Turan Ave, 5",37.1 m2,1,10,12,18.3 mln KZT,1987,,euro renovation,apartment,,owner
APT-0385,2025-06-28,Yesil,Sezim Qala,"Bogenbay Batyr Ave, 62",71.1 m2,3,23,24,48.91 mln KZT,1993,3.4 km,euro renovation,apartment,none,agency
APT-0386,2026-07-07,Baikonur,Baikonur Residence,"Syganak St, 93",110.6 m2,5,14,18,28.65 mln KZT,1985,9.0 km,,apartment,balcony,agency
APT-0387,2025-10-19,Nura,,"Dostyk St, 94",69.7 m2,2,16,24,55.38 mln KZT,1996,5.3 km,designer,apartment,balcony,agency
APT-0388,2026-08-30,Saryarka,Arman,"Kerey-Zhanibek St, 114",40.4 m2,1,3,9,15 mln KZT,1986,,rough finish,apartment,,owner
APT-0389,2026-08-23,Almaty,Millennium Park,"Kabanbay Batyr Ave, 121",48.6 m2,1,12,12,28.74 mln KZT,2011,7.1 km,good,apartment,,owner
APT-0390,2025-02-02,Nura,Arena City,"Abay Ave, 33",90.9 m2,4,8,9,62.88 mln KZT,1997,9.1 km,designer,apartment,none,owner
APT-0391,2026-06-19,Saryarka,Arman,"Kabanbay Batyr Ave, 106",67.1 m2,2,6,16,41.92 mln KZT,2025,10.6 km,designer,apartment,2 balconies,developer
APT-0392,2026-03-04,Saryarka,Arman,"Syganak St, 2",,4,4,12,55.42 mln KZT,2005,6.5 km,cosmetic,apartment,,owner
APT-0393,2025-08-12,Baikonur,Baikonur Residence,"Kerey-Zhanibek St, 105",28.6 m2,1,4,7,15 mln KZT,2016,6.2 km,good,apartment,balcony,owner
APT-0394,2025-07-09,Yesil,Expo Residence,"Kerey-Zhanibek St, 104",38.5 m2,1,19,24,28.61 mln KZT,2022,2.2 km,good,apartment,,agency
APT-0395,2025-12-10,Yesil,Expo Residence,"Dostyk St, 21",unknown,4,17,18,105.76 mln KZT,1987,4.1 km,euro renovation,studio,none,agency
APT-0396,2025-05-22,Almaty,Highvill,"Qoshqarbayev Ave, 53",121.2 m2,4,3,5,81.33 mln KZT,2008,2.2 km,good,apartment,,owner
APT-0397,2025-03-06,Saryarka,Dostyk House,"Saryarka Ave, 14",82.5 m2,3,12,12,36.57 mln KZT,1999,5.6 km,designer,apartment,,owner
APT-0398,2025-03-31,Baikonur,,"Uly Dala Ave, 118",,4,15,16,48.46 mln KZT,2024,7.3 km,euro renovation,apartment,,owner
APT-0399,2026-07-09,Yesil,Nova City,"Bogenbay Batyr Ave, 175",39.0 m2,1,5,24,30.04 mln KZT,1998,5.6 km,euro renovation,apartment,balcony,agency
APT-0400,2026-06-27,Yesil,Nova City,"Tauelsizdik Ave, 152",87.2 m2,2,9,12,70.73 mln KZT,2026,4.4 km,good,apartment,,agency
APT-0401,2026-07-03,Almaty,,"Syganak St, 42",41.1 m2,1,2,16,25.18 mln KZT,1994,3.5 km,,apartment,loggia,owner
APT-0402,2025-12-19,Nura,Capital Park,"Dostyk St, 82",70.4 m2,1,8,9,48.48 mln KZT,2001,7.0 km,cosmetic,apartment,,owner
APT-0403,2026-05-01,Nura,Comfort Town,"Dostyk St, 76",63.3 m2,2,5,24,36.76 mln KZT,2014,,cosmetic,apartment,,developer
APT-0404,2025-04-30,Baikonur,,"Dostyk St, 142",89.9 m2,3,11,24,31.87 mln KZT,1992,10.6 km,designer,apartment,,owner
APT-0405,2025-03-27,Nura,,"Uly Dala Ave, 6",64.9 m2,2,10,12,50.85 mln KZT,2018,5.8 km,designer,studio,,agency
APT-0406,2025-01-13,Baikonur,Keruen,"Bogenbay Batyr Ave, 96",42.0 m2,2,3,5,21.67 mln KZT,2010,,euro renovation,apartment,loggia,owner
APT-0407,2025-05-23,Saryarka,Dostyk House,"Kerey-Zhanibek St, 107",,4,24,24,64.2 mln KZT,2011,9.4 km,cosmetic,apartment,,owner
APT-0408,2026-04-19,Baikonur,,"Turan Ave, 143",165 m2,5,3,21,85.72 mln KZT,1985,7.7 km,designer,apartment,,owner
APT-0409,2025-11-04,Almaty,,"Turan Ave, 68",110.9 m2,3,16,16,68.75 mln KZT,,6.2 km,cosmetic,apartment,2 balconies,owner
APT-0410,2026-08-19,Almaty,Highvill,"Syganak St, 93",39.7 m2,2,1,12,20.62 mln KZT,1992,6.4 km,good,apartment,2 balconies,agency
APT-0411,2026-01-01,Saryarka,Dostyk House,"Kerey-Zhanibek St, 35",143.0 m2,5,3,5,50.63 mln KZT,1995,7.7 km,,apartment,,owner
APT-0412,2026-07-11,Almaty,Highvill,"Syganak St, 43",37.6 m2,1,5,7,21.49 mln KZT,1997,6.4 km,cosmetic,apartment,loggia,developer
APT-0413,2025-06-16,Almaty,Sat City,"Bogenbay Batyr Ave, 88",56.7 m2,2,5,18,26.31 mln KZT,1985,2.0 km,cosmetic,apartment,,owner
APT-0414,2025-12-23,Nura,Arena City,"Mangilik El Ave, 123",82.3 m2,4,4,7,41.56 mln KZT,,11.3 km,rough finish,apartment,,agency
APT-0415,2025-05-26,Saryarka,Arman,"Turan Ave, 178",83.0 m2,4,6,18,41.8 mln KZT,2004,3.2 km,euro renovation,apartment,balcony,owner
APT-0416,2025-09-17,Yesil,GreenLine,"Tauelsizdik Ave, 31",61.6 m2,2,4,5,39.28 mln KZT,2012,2.3 km,rough finish,apartment,none,owner
APT-0417,2025-12-27,Yesil,Nova City,"Syganak St, 90",91.5 m2,3,3,12,62.98 mln KZT,2007,,cosmetic,apartment,,developer
APT-0418,2025-04-12,Baikonur,Samal,"Qoshqarbayev Ave, 2",55.2 m2,2,5,5,24.7 mln KZT,1998,10.4 km,designer,apartment,,developer
APT-0419,2025-11-18,Saryarka,Arman,"Bogenbay Batyr Ave, 29",48.2 m2,2,2,7,18.9 mln KZT,2007,10.9 km,good,apartment,,agency
APT-0420,2026-03-31,Saryarka,Dostyk House,"Syganak St, 80",76.3 m2,3,1,5,30.68 mln KZT,2005,6.9 km,good,apartment,,agency
APT-0421,2026-02-10,Saryarka,Dostyk House,"Dostyk St, 27",,1,22,24,39.7 mln KZT,2008,4.4 km,designer,apartment,,agency
APT-0422,2026-02-18,Yesil,Nova City,"Uly Dala Ave, 153",29.0 m2,1,6,7,23.36 mln KZT,1995,2.5 km,designer,apartment,,owner
APT-0423,2025-10-13,Saryarka,Dostyk House,"Tauelsizdik Ave, 131",56.8 m2,2,13,16,25.12 mln KZT,2007,6.8 km,euro renovation,apartment,,agency
APT-0424,2026-09-12,Almaty,Highvill,"Turan Ave, 98",65.0 m2,2,1,5,40.75 mln KZT,1988,6.8 km,good,apartment,loggia,owner
APT-0425,2026-07-08,Yesil,Nova City,"Qoshqarbayev Ave, 88",71.7 m2,3,15,24,44.54 mln KZT,1997,4.1 km,good,apartment,none,developer
APT-0426,2026-05-19,Saryarka,Arai,"Kerey-Zhanibek St, 43",122.4 m2,4,15,21,68.98 mln KZT,2014,3.3 km,cosmetic,apartment,,owner
APT-0427,2026-08-29,Saryarka,Dostyk House,"Saryarka Ave, 127",,3,16,24,30.02 mln KZT,2020,9.8 km,good,apartment,2 balconies,agency
APT-0428,2026-03-15,Almaty,Grand Alatau,"Bogenbay Batyr Ave, 25",65.2 m2,2,12,18,50.57 mln KZT,2022,1.2 km,designer,apartment,,developer
APT-0429,2025-11-30,Yesil,Expo Residence,"Mangilik El Ave, 138",82.3 m2,3,6,7,49.45 mln KZT,1989,8.1 km,rough finish,apartment,none,agency
APT-0430,2025-04-11,Baikonur,Orken,"Abay Ave, 147",58.5 m2,2,19,24,17.64 mln KZT,1986,12.9 km,good,apartment,2 balconies,owner
APT-0431,2025-10-22,Almaty,,"Qoshqarbayev Ave, 55",,2,5,9,30.88 mln KZT,2008,7.8 km,cosmetic,penthouse,,owner
APT-0432,2025-12-22,Saryarka,Dostyk House,"Bogenbay Batyr Ave, 54",75.9 m2,4,5,7,30.39 mln KZT,2006,5.2 km,good,apartment,,agency
APT-0433,2026-06-13,Almaty,Millennium Park,"Mangilik El Ave, 161",51.9 m2,2,9,21,35.27 mln KZT,2024,4.6 km,euro renovation,apartment,balcony,agency
APT-0434,2025-06-04,Saryarka,Dostyk House,"Turan Ave, 62",44.5 m2,2,19,21,20.88 mln KZT,2025,,cosmetic,apartment,loggia,agency
APT-0435,2025-07-16,Yesil,Expo Residence,"Kabanbay Batyr Ave, 39",89.2 m2,3,6,16,52.92 mln KZT,2001,6.8 km,,apartment,,owner
APT-0436,2025-06-30,Saryarka,Arai,"Dostyk St, 141",75.6 m2,2,2,5,27.74 mln KZT,1995,5.2 km,,apartment,none,developer
APT-0437,2025-08-30,Yesil,GreenLine,"Bogenbay Batyr Ave, 36",50.3 m2,1,3,16,not listed,2011,8.3 km,euro renovation,apartment,,agency
APT-0438,2026-02-04,Yesil,Nova City,"Abay Ave, 150",77.3 m2,2,16,16,38.83 mln KZT,1990,3.7 km,cosmetic,apartment,balcony,developer
APT-0439,2026-03-10,Yesil,GreenLine,"Abay Ave, 140",54.7 m2,1,2,16,40.34 mln KZT,2016,5.7 km,euro renovation,studio,,agency
APT-0440,2025-09-03,Nura,Capital Park,"Kerey-Zhanibek St, 172",55.4 m2,2,5,5,25.28 mln KZT,1987,10.7 km,euro renovation,apartment,,agency
APT-0441,2025-08-30,Almaty,Grand Alatau,"Saryarka Ave, 24",99.2 m2,4,8,12,67.63 mln KZT,2009,1.1 km,designer,apartment,,owner
APT-0442,2025-12-07,Saryarka,Dostyk House,"Tauelsizdik Ave, 106",101.8 m2,3,2,21,40.56 mln KZT,2002,9.9 km,euro renovation,apartment,,developer
APT-0443,2025-05-20,Nura,,"Dostyk St, 114",67.1 m2,3,15,18,37.87 mln KZT,1986,10.1 km,euro renovation,apartment,,owner
APT-0444,2026-08-31,Almaty,Millennium Park,"Saryarka Ave, 45",91.3 m2,3,7,9,65.03 mln KZT,2005,4.2 km,designer,apartment,loggia,agency
APT-0445,2025-07-23,Saryarka,Arman,"Kabanbay Batyr Ave, 119",50.3 m2,2,1,12,21.6 mln KZT,1986,10.4 km,euro renovation,apartment,loggia,agency
APT-0446,2026-05-22,Saryarka,Dostyk House,"Tauelsizdik Ave, 173",74.7 m2,3,6,18,43.71 mln KZT,2021,3.9 km,euro renovation,apartment,none,owner
APT-0447,2026-02-23,Almaty,Millennium Park,"Bogenbay Batyr Ave, 47",53.6 m2,2,10,12,26.16 mln KZT,1998,8.0 km,cosmetic,penthouse,balcony,owner
APT-0448,2026-01-28,Nura,Orynbor Towers,"Dostyk St, 55",94.8 m2,3,3,24,58.03 mln KZT,1985,7.8 km,designer,apartment,,agency
APT-0449,2026-06-01,Yesil,GreenLine,"Mangilik El Ave, 65",117.0 m2,3,12,24,99.25 mln KZT,2023,8.6 km,designer,apartment,,owner
APT-0450,2025-11-21,Almaty,Sat City,"Turan Ave, 23",44.7 m2,1,5,9,27.76 mln KZT,1995,4.5 km,designer,apartment,,owner
APT-0451,2026-03-23,Yesil,,"Qoshqarbayev Ave, 81",81.1 m2,5,12,16,68.45 mln KZT,,4.0 km,designer,penthouse,,owner
APT-0452,2025-06-17,Nura,Capital Park,"Tauelsizdik Ave, 67",102.1 m2,3,2,24,56.89 mln KZT,1997,5.2 km,cosmetic,penthouse,,agency
APT-0453,2025-04-06,Saryarka,Arman,"Kabanbay Batyr Ave, 90",30.3 m2,1,15,24,19.37 mln KZT,2016,3.9 km,euro renovation,apartment,balcony,developer
APT-0454,2026-05-26,Nura,,"Kabanbay Batyr Ave, 64",91.1 m2,3,10,12,43.84 mln KZT,1985,8.2 km,good,apartment,none,developer
APT-0455,2025-10-03,Yesil,Sezim Qala,"Tauelsizdik Ave, 161",32.0 m2,2,5,18,19.75 mln KZT,1986,2.6 km,euro renovation,apartment,none,owner
APT-0456,2026-07-15,Baikonur,Baikonur Residence,"Kerey-Zhanibek St, 19",120.3 m2,5,4,9,46.5 mln KZT,1988,11.2 km,,apartment,,owner
APT-0457,2026-05-18,Nura,Arena City,"Kabanbay Batyr Ave, 77",140.7 m2,5,3,12,80.36 mln KZT,2009,10.2 km,cosmetic,studio,2 balconies,agency
APT-0458,2026-01-13,Baikonur,Orken,"Kabanbay Batyr Ave, 109",30.5 m2,1,8,12,15 mln KZT,2013,12.0 km,good,apartment,balcony,agency
APT-0459,2025-03-23,Yesil,Nova City,"Tauelsizdik Ave, 112",81.7 m2,2,8,9,57.39 mln KZT,2018,6.4 km,good,penthouse,,owner
APT-0460,2026-04-21,Almaty,Sat City,"Bogenbay Batyr Ave, 25",93.1 m2,4,5,5,46.34 mln KZT,1989,7.4 km,good,apartment,loggia,owner
APT-0461,2026-04-11,Baikonur,Keruen,"Abay Ave, 151",41.2 m2,1,7,9,17.38 mln KZT,1987,4.7 km,designer,apartment,,agency
APT-0462,2026-05-04,Nura,Capital Park,"Mangilik El Ave, 44",72.0 m2,1,4,16,44.54 mln KZT,2012,8.3 km,rough finish,apartment,2 balconies,agency
APT-0463,2025-07-12,Baikonur,Samal,"Kabanbay Batyr Ave, 5",72.5 m2,3,13,18,38.27 mln KZT,2004,4.8 km,cosmetic,apartment,none,owner
APT-0464,2025-06-20,Nura,,"Mangilik El Ave, 30",43.6 m2,2,2,12,21.03 mln KZT,2004,10.2 km,cosmetic,apartment,,agency
APT-0465,2026-03-19,Saryarka,Arai,"Mangilik El Ave, 27",72.8 m2,2,5,12,31.45 mln KZT,2021,9.6 km,good,apartment,,agency
APT-0466,2026-06-25,Baikonur,Orken,"Uly Dala Ave, 16",86.4 m2,3,16,21,42.65 mln KZT,2017,9.3 km,euro renovation,apartment,,owner
APT-0467,2025-10-22,Yesil,Sezim Qala,"Mangilik El Ave, 42",43.5 m2,2,4,7,26.89 mln KZT,2024,8.6 km,good,apartment,,agency
APT-0468,2026-01-04,Baikonur,Orken,"Dostyk St, 168",51.2 m2,1,5,24,18.08 mln KZT,2003,10.5 km,good,apartment,,agency
APT-0469,2025-11-07,Baikonur,Baikonur Residence,"Bogenbay Batyr Ave, 127",40.1 m2,1,5,24,17.22 mln KZT,1996,5.8 km,euro renovation,apartment,,owner
APT-0470,2025-05-04,Yesil,GreenLine,"Syganak St, 59",59.6 m2,2,9,9,40.28 mln KZT,,7.6 km,,penthouse,balcony,agency
APT-0471,2025-04-19,Almaty,Sat City,"Tauelsizdik Ave, 29",84.6 m2,3,9,9,51.58 mln KZT,2023,5.7 km,,apartment,none,agency
APT-0472,2025-06-07,Yesil,Sezim Qala,"Kerey-Zhanibek St, 26",48.0 m2,1,6,18,34.23 mln KZT,2003,7.0 km,euro renovation,apartment,,owner
APT-0473,2026-01-05,Nura,Comfort Town,"Abay Ave, 107",40.3 m2,2,8,12,26.31 mln KZT,2006,6.3 km,cosmetic,apartment,,owner
APT-0474,2025-01-11,Saryarka,Zhana Saryarka,"Tauelsizdik Ave, 38",93.0 m2,3,15,21,49.37 mln KZT,2018,9.4 km,good,apartment,,owner
APT-0475,2026-07-21,Nura,Comfort Town,"Bogenbay Batyr Ave, 103",58.0 m2,2,1,9,39.75 mln KZT,2025,11.8 km,euro renovation,apartment,,agency
APT-0476,2026-02-19,Almaty,Sat City,"Kerey-Zhanibek St, 89",39.3 m2,1,7,9,29.34 mln KZT,2013,5.5 km,designer,apartment,,developer
APT-0477,2025-06-13,Baikonur,Keruen,"Qoshqarbayev Ave, 88",57.4 m2,2,9,9,18.26 mln KZT,2019,6.6 km,rough finish,apartment,none,owner
APT-0478,2025-12-29,Baikonur,Keruen,"Dostyk St, 130",66.9 m2,2,17,21,23.02 mln KZT,1992,10.6 km,euro renovation,apartment,,owner
APT-0479,2025-10-19,Yesil,Expo Residence,"Abay Ave, 77",59.7 m2,2,8,18,49.1 mln KZT,,6.0 km,designer,apartment,,agency
APT-0480,2025-03-05,Nura,Orynbor Towers,"Kabanbay Batyr Ave, 24",34.2 m2,1,15,18,20.02 mln KZT,1991,5.2 km,good,apartment,,developer
APT-0481,2026-03-03,Saryarka,,"Kerey-Zhanibek St, 126",36.6 m2,1,9,21,17.1 mln KZT,2022,7.0 km,good,apartment,balcony,owner
APT-0482,2025-05-02,Saryarka,Arman,"Qoshqarbayev Ave, 95",35.3 m2,1,6,7,15 mln KZT,1998,6.6 km,rough finish,apartment,,owner
APT-0483,2025-02-19,Almaty,Millennium Park,"Syganak St, 108",unknown,1,10,18,31.75 mln KZT,2003,4.4 km,euro renovation,apartment,,developer
APT-0484,2026-09-13,Saryarka,Arai,"Bogenbay Batyr Ave, 122",,1,4,5,18.07 mln KZT,2015,7.6 km,good,apartment,balcony,agency
APT-0485,2026-07-08,Saryarka,Arman,"Bogenbay Batyr Ave, 87",77.5 m2,3,3,18,38.22 mln KZT,2024,8.3 km,good,apartment,none,developer
APT-0486,2025-07-13,Almaty,Highvill,"Syganak St, 134",98.7 m2,3,4,16,55.72 mln KZT,2026,4.9 km,cosmetic,apartment,2 balconies,agency
APT-0487,2025-02-16,Baikonur,Keruen,"Bogenbay Batyr Ave, 151",62.9 m2,1,12,12,33.09 mln KZT,2022,8.0 km,euro renovation,apartment,2 balconies,developer
APT-0488,2025-07-07,Saryarka,Arman,"Saryarka Ave, 37",56.5 m2,1,9,21,21.12 mln KZT,1990,3.9 km,rough finish,apartment,loggia,agency
APT-0489,2025-09-22,Saryarka,Arman,"Bogenbay Batyr Ave, 83",120.0 m2,3,1,9,47.84 mln KZT,1988,5.4 km,rough finish,apartment,2 balconies,developer
APT-0490,2026-07-21,Yesil,GreenLine,"Abay Ave, 119",42.2 m2,1,17,24,24.18 mln KZT,2017,4.7 km,rough finish,apartment,2 balconies,owner
APT-0491,2026-05-28,Nura,Orynbor Towers,"Tauelsizdik Ave, 22",,4,2,7,84.02 mln KZT,,9.2 km,cosmetic,apartment,balcony,agency
APT-0492,2025-01-01,Baikonur,,"Dostyk St, 43",140.0 m2,5,18,21,67.56 mln KZT,2013,4.4 km,euro renovation,apartment,none,developer
APT-0493,2026-02-09,Baikonur,Baikonur Residence,"Saryarka Ave, 23",38.4 m2,2,10,12,15 mln KZT,2017,6.5 km,cosmetic,apartment,none,agency
APT-0494,2025-11-26,Almaty,Sat City,"Saryarka Ave, 63",113.2 m2,4,11,18,90.08 mln KZT,2025,2.8 km,euro renovation,studio,,owner
APT-0495,2026-05-16,Almaty,Millennium Park,"Bogenbay Batyr Ave, 143",35.8 m2,1,5,5,17.91 mln KZT,2015,1.0 km,rough finish,apartment,,agency
APT-0496,2025-01-09,Yesil,Nova City,"Bogenbay Batyr Ave, 46",81.1 m2,2,22,24,50.67 mln KZT,1992,4.5 km,euro renovation,studio,none,agency
APT-0497,2026-01-07,Saryarka,Arman,"Uly Dala Ave, 127",41.1 m2,1,7,18,15 mln KZT,1990,9.5 km,euro renovation,apartment,,owner
APT-0498,2026-09-10,Baikonur,Samal,"Dostyk St, 145",49.4 m2,1,4,21,24.11 mln KZT,2002,9.1 km,good,apartment,balcony,owner
APT-0499,2026-04-10,Yesil,Nova City,"Dostyk St, 144",63.6 m2,1,7,16,35.84 mln KZT,1986,8.9 km,,apartment,none,developer
APT-0500,2025-08-18,Yesil,Nova City,"Qoshqarbayev Ave, 12",92.6 m2,4,9,21,67.85 mln KZT,1992,6.8 km,good,apartment,none,owner
APT-LD01,2026-02-08,Nura,Orynbor Towers,"Dostyk St, 55",94.8 m2,3,3,24,58.03 mln KZT,1985,7.8 km,designer,apartment,,agency
APT-LD02,2025-04-17,Saryarka,,"Qoshqarbayev Ave, 94",123.7 m2,5,4,7,81.9 mln KZT,1989,4.1 km,,apartment,2 balconies,owner
APT-LD03,2026-09-16,Saryarka,Arman,"Saryarka Ave, 83",42.6 m2,2,15,18,19.01 mln KZT,2006,6.4 km,euro renovation,apartment,,agency
APT-LD04,2025-02-25,Almaty,Millennium Park,"Syganak St, 108",unknown,1,10,18,31.75 mln KZT,2003,4.4 km,euro renovation,apartment,,developer
APT-LD05,2025-12-19,Saryarka,Zhana Saryarka,"Abay Ave, 137",25 m2,1,10,18,15 mln KZT,,3.4 km,designer,apartment,none,agency
APT-LD06,2026-02-22,Saryarka,Arman,"Mangilik El Ave, 81",81.0 m2,2,11,12,37.74 mln KZT,2005,9.7 km,euro renovation,studio,,owner
APT-LD07,2026-04-09,Almaty,Grand Alatau,"Qoshqarbayev Ave, 131",63.0 m2,2,10,16,31.27 mln KZT,1986,7.4 km,euro renovation,apartment,,owner
APT-LD08,2025-06-06,Saryarka,Arman,"Turan Ave, 178",83.0 m2,4,6,18,41.8 mln KZT,2004,3.2 km,euro renovation,apartment,balcony,owner
APT-0386,2026-07-07,Baikonur,Baikonur Residence,"Syganak St, 93",110.6 m2,5,14,18,28.65 mln KZT,1985,9.0 km,,apartment,balcony,agency
APT-0207,2025-06-24,Baikonur,Baikonur Residence,"Kabanbay Batyr Ave, 88",78.3 m2,3,7,7,27.25 mln KZT,1987,6.7 km,good,apartment,2 balconies,owner
APT-0391,2026-06-19,Saryarka,Arman,"Kabanbay Batyr Ave, 106",67.1 m2,2,6,16,41.92 mln KZT,2025,10.6 km,designer,apartment,2 balconies,developer
APT-0399,2026-07-09,Yesil,Nova City,"Bogenbay Batyr Ave, 175",39.0 m2,1,5,24,30.04 mln KZT,1998,5.6 km,euro renovation,apartment,balcony,agency
APT-0354,2025-07-07,Saryarka,Arai,"Abay Ave, 101",35.6 m2,1,16,24,15.57 mln KZT,,10.6 km,cosmetic,apartment,loggia,agency
APT-0276,2025-07-30,Yesil,GreenLine,"Bogenbay Batyr Ave, 168",71.3 m2,2,1,12,34.66 mln KZT,1985,6.0 km,rough finish,apartment,loggia,owner
APT-0154,2025-04-02,Almaty,Sat City,"Kabanbay Batyr Ave, 7",61.5 m2,2,2,7,36.12 mln KZT,2012,4.1 km,good,apartment,,agency
APT-0167,2026-07-05,Nura,Arena City,"Tauelsizdik Ave, 163",69.8 m2,2,14,21,54.9 mln KZT,2023,5.1 km,good,apartment,balcony,agency
APT-0301,2025-01-23,Nura,,"Mangilik El Ave, 137",52.2 m2,1,9,24,37.03 mln KZT,2024,,good,apartment,,developer
APT-0012,2026-06-11,Yesil,GreenLine,"Abay Ave, 19",83.4 m2,3,6,7,63.06 mln KZT,2025,2.4 km,rough finish,apartment,,owner
